Date,Mkt-RF,SMB,HML,RMW,CMA,RF,Mom
1963-07-31,-0.39,-0.48,-0.81,0.64,-1.15,0.27,1.01
1963-08-31,5.08,-0.8,1.7,0.4,-0.38,0.25,1.0
1963-09-30,-1.57,-0.43,0.0,-0.78,0.15,0.27,0.12
1963-10-31,2.54,-1.34,-0.04,2.79,-2.25,0.29,3.13
1963-11-30,-0.86,-0.85,1.73,-0.43,2.27,0.27,-0.78
1963-12-31,1.83,-1.89,-0.21,0.12,-0.25,0.29,1.84
1964-01-31,2.27,0.1,1.63,0.21,1.48,0.3,1.02
1964-02-29,1.55,0.33,2.81,0.11,0.81,0.26,0.33
1964-03-31,1.41,1.41,3.29,-2.03,2.98,0.31,0.69
1964-04-30,0.11,-1.48,-0.54,-1.32,-1.13,0.29,-0.64
1964-05-31,1.41,-0.62,1.81,-0.15,0.13,0.26,2.53
1964-06-30,1.27,0.13,0.68,-0.33,0.1,0.3,0.47
1964-07-31,1.74,0.5,0.79,0.15,1.85,0.3,-0.38
1964-08-31,-1.44,0.29,0.07,0.15,0.31,0.28,-0.25
1964-09-30,2.69,-0.34,1.72,-0.5,0.56,0.28,-0.39
1964-10-31,0.6,0.9,1.08,-0.2,0.52,0.29,0.19
1964-11-30,-0.01,-0.24,-2.04,0.71,-0.16,0.29,1.1
1964-12-31,0.04,-0.65,-2.43,0.95,-1.55,0.31,-0.69
1965-01-31,3.54,2.5,0.36,0.94,-0.02,0.28,-1.38
1965-02-28,0.44,3.24,0.22,0.26,-0.62,0.3,0.24
1965-03-31,-1.34,2.08,1.15,-0.29,0.65,0.36,0.17
1965-04-30,3.11,1.14,0.73,0.29,-2.27,0.31,2.53
1965-05-31,-0.78,0.05,-1.55,-0.42,0.59,0.31,0.55
1965-06-30,-5.51,-4.2,0.23,0.24,0.43,0.35,-3.18
1965-07-31,1.44,1.1,2.19,-1.41,-0.08,0.31,4.09
1965-08-31,2.73,2.77,-0.98,2.03,-0.81,0.33,2.58
1965-09-30,2.86,0.7,-0.14,-0.85,0.73,0.31,3.29
1965-10-31,2.6,3.45,1.55,1.19,-0.76,0.31,3.45
1965-11-30,-0.03,5.22,0.16,-1.08,-0.87,0.35,4.4
1965-12-31,1.01,2.62,2.15,-1.3,-0.55,0.33,-0.1
1966-01-31,0.72,4.85,3.27,-2.65,-0.26,0.38,5.28
1966-02-28,-1.21,4.79,0.38,-0.16,-1.45,0.35,4.58
1966-03-31,-2.51,0.21,-2.13,1.29,-0.05,0.38,1.47
1966-04-30,2.13,3.33,-0.36,0.42,-0.92,0.34,5.88
1966-05-31,-5.67,-5.11,-1.6,1.64,-1.48,0.41,-4.71
1966-06-30,-1.44,1.32,0.49,0.08,0.79,0.38,3.23
1966-07-31,-1.63,-0.38,0.91,-0.38,1.74,0.35,-1.3
1966-08-31,-7.94,-3.15,0.5,-0.64,0.77,0.41,-2.21
1966-09-30,-1.06,-1.02,0.48,-1.19,2.35,0.4,-1.86
1966-10-31,3.86,-6.48,2.74,-3.91,4.23,0.45,-5.2
1966-11-30,1.38,3.34,-4.63,4.66,-6.51,0.4,5.73
1966-12-31,0.13,1.88,-0.95,0.17,-0.16,0.4,0.99
1967-01-31,8.15,8.98,2.36,1.29,-3.06,0.43,-7.0
1967-02-28,0.77,3.01,-2.26,1.66,-0.93,0.36,3.51
1967-03-31,4.0,1.77,0.47,0.82,-1.5,0.39,1.39
1967-04-30,3.89,0.43,-2.29,3.09,-3.72,0.32,0.52
1967-05-31,-4.32,2.45,0.8,-1.19,1.62,0.33,0.66
1967-06-30,2.42,6.42,0.8,-0.84,-2.49,0.27,6.01
1967-07-31,4.58,3.58,2.75,0.45,2.66,0.32,-1.1
1967-08-31,-0.9,0.77,1.43,0.3,1.35,0.31,-1.32
1967-09-30,3.11,2.43,-2.47,0.22,-0.93,0.32,2.39
1967-10-31,-3.08,0.57,-3.29,0.97,-2.74,0.39,3.68
1967-11-30,0.37,-0.06,-1.71,1.31,-2.28,0.36,1.22
1967-12-31,3.05,5.59,-0.54,-0.74,-0.03,0.33,3.2
1968-01-31,-4.03,4.68,4.85,-4.89,6.46,0.4,-4.46
1968-02-29,-3.74,-2.92,1.23,-0.08,2.46,0.39,-3.34
1968-03-31,0.21,-1.55,-0.63,1.07,-1.15,0.38,3.19
1968-04-30,9.01,6.17,-1.1,2.79,-3.73,0.43,5.11
1968-05-31,2.28,6.97,0.82,0.49,-1.92,0.45,3.75
1968-06-30,0.7,-0.33,0.66,-1.56,2.8,0.43,-2.09
1968-07-31,-2.69,-1.39,5.31,-3.18,3.79,0.48,-0.89
1968-08-31,1.35,2.33,0.99,-0.66,0.47,0.42,1.9
1968-09-30,4.05,2.81,0.3,-1.94,0.87,0.43,-0.64
1968-10-31,0.44,-0.43,2.82,-1.36,2.84,0.44,-1.46
1968-11-30,5.42,2.39,-0.96,0.44,-2.51,0.42,1.74
1968-12-31,-3.93,3.55,0.04,-1.91,1.93,0.43,0.32
1969-01-31,-1.25,-0.42,1.66,-1.52,1.29,0.53,-0.15
1969-02-28,-5.86,-4.16,0.89,1.99,0.75,0.46,-2.55
1969-03-31,2.67,-0.51,-0.42,-1.34,-0.44,0.46,4.06
1969-04-30,1.47,-0.78,0.02,0.28,-0.16,0.53,1.24
1969-05-31,-0.1,-0.18,0.62,-0.87,1.05,0.48,1.81
1969-06-30,-7.19,-5.47,-1.1,4.27,-1.63,0.51,-2.31
1969-07-31,-7.0,-3.39,1.18,1.51,1.84,0.53,1.82
1969-08-31,4.69,0.58,-3.75,1.06,-3.98,0.5,2.14
1969-09-30,-2.97,1.29,-3.22,3.36,-0.62,0.62,2.43
1969-10-31,5.05,3.91,-3.12,0.08,-2.08,0.6,-4.36
1969-11-30,-3.8,-2.42,-1.25,1.4,0.21,0.52,3.67
1969-12-31,-2.63,-3.72,-2.88,2.55,-1.92,0.64,5.27
1970-01-31,-8.11,3.08,3.17,-1.75,3.96,0.6,0.56
1970-02-28,5.14,-2.57,3.69,-2.41,2.87,0.62,0.27
1970-03-31,-1.06,-2.42,4.08,-1.06,4.42,0.57,-0.36
1970-04-30,-10.99,-6.34,6.14,-0.63,5.9,0.5,-0.83
1970-05-31,-6.91,-4.46,3.32,-1.29,3.79,0.53,-2.66
1970-06-30,-5.8,-2.1,0.44,0.14,2.71,0.58,5.64
1970-07-31,6.92,-0.66,0.93,-0.3,1.72,0.52,-3.12
1970-08-31,4.5,1.44,1.41,0.57,-0.14,0.53,-6.68
1970-09-30,4.18,8.5,-5.41,0.25,-5.98,0.54,-8.64
1970-10-31,-2.28,-4.36,0.21,1.81,2.25,0.46,9.45
1970-11-30,4.62,-3.88,1.58,1.53,1.39,0.46,2.59
1970-12-31,5.74,2.89,1.04,0.28,0.3,0.42,-2.3
1971-01-31,4.83,7.44,1.55,-2.02,-0.06,0.38,-6.86
1971-02-28,1.41,2.01,-1.24,0.64,-0.8,0.33,0.82
1971-03-31,4.12,2.22,-3.95,1.78,-2.65,0.3,-1.4
1971-04-30,3.15,-0.36,0.86,-1.46,0.85,0.28,1.36
1971-05-31,-4.0,-1.12,-1.33,1.49,0.2,0.29,0.93
1971-06-30,-0.09,-1.51,-1.97,1.58,-1.67,0.37,2.69
1971-07-31,-4.49,-1.43,-0.02,0.58,1.39,0.4,-2.32
1971-08-31,3.79,-0.23,2.64,-0.43,2.59,0.47,3.44
1971-09-30,-0.86,0.26,-2.9,2.54,-1.58,0.37,2.1
1971-10-31,-4.42,-1.59,-0.51,1.56,-1.39,0.37,0.5
1971-11-30,-0.46,-2.86,-1.67,2.41,-0.44,0.37,1.51
1971-12-31,8.71,3.24,-0.38,-0.43,-1.68,0.37,-0.62
1972-01-31,2.47,6.09,2.12,-1.69,0.54,0.29,0.07
1972-02-29,2.87,0.87,-2.83,1.69,-0.5,0.25,2.53
1972-03-31,0.62,-0.47,-1.61,1.58,-0.2,0.27,2.94
1972-04-30,0.29,0.27,0.03,-0.41,-1.06,0.29,2.79
1972-05-31,1.29,-3.12,-2.72,2.4,-1.97,0.3,3.33
1972-06-30,-2.46,-0.43,-2.46,1.78,-0.35,0.29,1.9
1972-07-31,-0.8,-2.79,0.6,1.2,-0.71,0.31,2.68
1972-08-31,3.27,-3.46,4.56,-2.04,2.9,0.29,-5.36
1972-09-30,-1.14,-2.24,0.49,1.65,-1.97,0.34,1.83
1972-10-31,0.52,-2.55,1.22,-0.11,0.03,0.4,0.7
1972-11-30,4.59,-0.59,4.88,-1.98,3.34,0.37,-5.08
1972-12-31,0.62,-1.89,-2.18,2.58,-2.14,0.37,4.95
1973-01-31,-3.28,-2.82,2.7,0.4,0.9,0.44,3.8
1973-02-28,-4.85,-3.94,1.64,-0.29,0.05,0.42,2.22
1973-03-31,-1.3,-2.29,2.57,-0.96,0.5,0.46,3.55
1973-04-30,-5.68,-2.92,5.39,-1.55,2.52,0.52,6.35
1973-05-31,-2.97,-6.12,0.38,1.97,-1.7,0.51,7.19
1973-06-30,-1.57,-2.48,1.14,-0.2,0.09,0.51,4.33
1973-07-31,5.04,7.19,-5.26,-0.09,-3.23,0.64,-11.6
1973-08-31,-3.82,-1.78,1.03,-1.32,1.24,0.7,3.59
1973-09-30,4.74,3.58,2.22,-2.22,1.73,0.68,-6.98
1973-10-31,-0.83,-0.27,1.66,-1.99,2.73,0.65,6.78
1973-11-30,-12.79,-7.27,4.09,-2.77,1.66,0.56,8.93
1973-12-31,0.59,-4.72,4.01,-2.89,2.44,0.64,10.1
1974-01-31,-0.16,10.39,5.95,-2.92,4.49,0.63,-8.92
1974-02-28,-0.46,0.12,2.47,-1.85,2.67,0.58,0.37
1974-03-31,-2.82,2.62,-0.14,2.9,0.44,0.56,-1.0
1974-04-30,-5.28,-0.66,0.92,2.71,2.14,0.75,2.06
1974-05-31,-4.7,-3.06,-2.08,5.01,-0.33,0.75,-0.29
1974-06-30,-2.84,-0.05,0.83,0.5,2.98,0.6,2.32
1974-07-31,-8.06,1.84,5.16,-3.2,4.5,0.7,3.0
1974-08-31,-9.39,0.28,2.61,-0.29,2.59,0.6,3.03
1974-09-30,-11.78,1.47,5.43,-4.33,5.82,0.81,4.24
1974-10-31,16.1,-6.78,-9.91,-0.29,-2.91,0.51,-0.53
1974-11-30,-4.53,-1.41,-0.25,-3.42,2.9,0.54,2.2
1974-12-31,-3.45,-4.27,0.12,-0.76,3.38,0.7,2.98
1975-01-31,13.67,12.88,8.26,-0.54,-1.05,0.58,-13.8
1975-02-28,5.56,-0.69,-4.47,1.17,-2.11,0.43,-0.58
1975-03-31,2.66,3.97,2.42,1.25,-1.34,0.41,-2.07
1975-04-30,4.22,-0.69,-1.13,1.39,-1.37,0.44,1.51
1975-05-31,5.2,2.98,-4.05,-1.13,-0.56,0.44,-0.58
1975-06-30,4.87,1.33,1.35,-2.7,1.07,0.41,-0.04
1975-07-31,-6.6,3.4,1.76,0.45,1.24,0.48,0.34
1975-08-31,-2.84,-2.77,-0.91,1.09,-0.99,0.48,-0.16
1975-09-30,-4.26,-0.02,0.33,0.58,0.57,0.53,0.4
1975-10-31,5.32,-4.25,0.35,-0.52,2.28,0.56,-0.22
1975-11-30,2.65,-1.1,2.03,-0.66,1.74,0.41,-0.5
1975-12-31,-1.6,-0.16,1.7,-0.11,0.77,0.48,-0.1
1976-01-31,12.16,6.39,8.63,-1.75,2.33,0.47,4.37
1976-02-29,0.32,7.91,5.71,-2.55,3.7,0.34,0.38
1976-03-31,2.32,-1.38,-0.11,-0.38,0.99,0.4,0.22
1976-04-30,-1.48,0.1,-0.16,0.45,-1.05,0.42,0.53
1976-05-31,-1.35,-1.09,-1.29,2.43,-1.39,0.37,-1.07
1976-06-30,4.05,-1.07,0.73,-0.67,1.02,0.43,-0.44
1976-07-31,-1.06,0.61,1.74,-1.03,0.3,0.47,-0.15
1976-08-31,-0.57,-2.02,0.79,-0.4,-0.57,0.42,-0.78
1976-09-30,2.04,0.2,-0.31,0.98,-1.14,0.44,0.2
1976-10-31,-2.42,0.05,-0.17,-0.19,-0.37,0.41,-0.43
1976-11-30,0.37,2.7,1.53,-1.31,0.07,0.4,2.82
1976-12-31,5.65,3.6,2.23,-0.72,2.41,0.4,0.73
1977-01-31,-4.04,5.91,4.32,-0.54,1.93,0.36,4.05
1977-02-28,-1.94,1.05,0.45,-0.21,-0.19,0.35,0.34
1977-03-31,-1.35,1.29,1.09,-0.32,-0.11,0.38,0.68
1977-04-30,0.15,0.6,3.38,-1.98,1.04,0.38,4.19
1977-05-31,-1.47,1.37,0.81,0.43,0.22,0.37,2.01
1977-06-30,4.72,2.1,-0.62,0.91,-1.27,0.4,1.6
1977-07-31,-1.69,1.81,-0.6,0.75,0.12,0.42,0.38
1977-08-31,-1.76,0.93,-2.77,1.04,-0.67,0.44,-1.63
1977-09-30,-0.27,1.62,-0.26,0.92,-0.65,0.43,2.1
1977-10-31,-4.39,1.41,1.62,-0.09,-0.46,0.49,-0.12
1977-11-30,4.02,3.6,0.23,-0.06,0.68,0.5,2.14
1977-12-31,0.27,1.61,-0.29,0.93,-0.66,0.49,1.59
1978-01-31,-5.99,2.76,3.38,-1.8,1.56,0.49,-0.58
1978-02-28,-1.39,3.7,0.81,0.3,1.05,0.46,1.96
1978-03-31,2.85,3.65,1.15,-0.57,2.0,0.53,1.45
1978-04-30,7.87,-0.32,-3.54,2.87,-1.27,0.54,0.49
1978-05-31,1.76,4.54,-0.55,0.2,0.29,0.51,2.77
1978-06-30,-1.69,1.64,0.6,-1.41,-0.12,0.54,2.78
1978-07-31,5.12,0.17,-1.0,1.47,-0.73,0.56,4.19
1978-08-31,3.79,4.93,-0.66,1.57,0.5,0.56,3.0
1978-09-30,-1.45,-0.38,1.88,-0.69,1.57,0.62,-3.2
1978-10-31,-11.91,-10.04,1.26,0.17,1.14,0.68,-8.42
1978-11-30,2.72,2.9,-2.08,1.09,-1.19,0.7,5.45
1978-12-31,0.88,1.01,-2.14,2.01,-1.47,0.78,3.01
1979-01-31,4.22,3.74,2.19,-2.4,1.58,0.77,-1.43
1979-02-28,-3.56,0.53,1.17,-1.11,0.96,0.73,-0.99
1979-03-31,5.67,3.17,-0.68,0.54,0.29,0.81,2.91
1979-04-30,-0.07,2.4,1.12,1.14,0.24,0.8,0.87
1979-05-31,-2.21,0.18,1.32,-1.56,-0.31,0.82,-0.55
1979-06-30,3.84,0.94,1.42,-1.58,-0.56,0.81,0.77
1979-07-31,0.83,1.27,1.79,-0.44,0.52,0.77,-1.07
1979-08-31,5.54,1.85,-1.58,1.5,-1.46,0.77,-0.29
1979-09-30,-0.83,-0.28,-0.94,0.84,0.5,0.83,5.28
1979-10-31,-8.1,-3.49,-1.83,0.96,0.14,0.87,2.04
1979-11-30,5.23,2.51,-3.21,-0.03,-1.83,0.99,8.03
1979-12-31,1.78,4.27,-2.13,-0.67,-1.01,0.95,4.72
1980-01-31,5.5,1.88,1.85,-1.84,1.89,0.8,7.45
1980-02-29,-1.23,-1.62,0.59,-0.95,2.92,0.89,7.89
1980-03-31,-12.89,-6.97,-0.96,1.82,-1.05,1.21,-9.58
1980-04-30,3.96,1.05,1.03,-2.18,0.34,1.26,-0.48
1980-05-31,5.26,2.0,0.38,0.43,-0.63,0.81,-1.18
1980-06-30,2.97,1.46,-0.8,-0.2,-0.81,0.61,1.58
1980-07-31,6.51,3.74,-6.29,4.06,-2.44,0.53,0.29
1980-08-31,1.75,4.23,-2.46,2.05,-0.73,0.64,3.06
1980-09-30,2.19,0.63,-4.61,1.9,-2.86,0.75,5.43
1980-10-31,1.04,2.21,-2.93,1.77,-1.43,0.95,7.13
1980-11-30,9.6,-3.27,-8.11,4.26,-5.52,0.96,15.1
1980-12-31,-4.46,-0.28,2.8,-1.27,1.27,1.31,-6.71
1981-01-31,-5.06,3.3,6.74,-3.38,4.27,1.04,-7.82
1981-02-28,0.61,-0.65,0.97,0.26,2.06,1.07,-1.35
1981-03-31,3.66,2.85,0.61,-2.27,-0.56,1.21,0.82
1981-04-30,-2.16,4.72,2.28,0.81,1.54,1.08,-1.08
1981-05-31,0.13,2.36,-0.43,0.47,-1.78,1.15,3.56
1981-06-30,-2.34,-0.93,5.14,-1.29,2.69,1.35,-5.67
1981-07-31,-1.55,-1.95,-0.61,1.08,-2.66,1.24,-2.44
1981-08-31,-7.02,-1.82,4.71,-0.31,1.38,1.28,-1.1
1981-09-30,-7.2,-2.46,5.11,0.08,2.53,1.24,2.13
1981-10-31,4.92,2.28,-4.09,3.12,-2.79,1.21,3.83
1981-11-30,3.4,-1.58,1.91,0.14,1.0,1.07,-0.21
1981-12-31,-3.63,1.18,0.79,0.21,2.45,0.87,1.28
1982-01-31,-3.23,-1.1,3.19,-1.43,1.95,0.8,1.77
1982-02-28,-5.86,0.4,6.09,-3.55,4.57,0.92,4.87
1982-03-31,-1.82,0.02,3.76,-1.28,2.37,0.98,2.9
1982-04-30,3.24,1.21,-3.08,1.5,-0.05,1.13,-0.46
1982-05-31,-3.93,0.41,1.78,0.96,-0.12,1.06,2.51
1982-06-30,-3.08,-0.51,1.56,0.09,2.53,0.96,4.89
1982-07-31,-3.2,1.01,0.07,1.0,1.44,1.05,4.4
1982-08-31,11.15,-4.46,1.09,-1.85,0.17,0.76,-3.6
1982-09-30,1.32,2.55,0.23,2.16,-0.02,0.51,4.14
1982-10-31,11.24,1.96,-3.62,0.2,-0.3,0.59,0.01
1982-11-30,4.68,4.39,-1.8,-1.02,0.29,0.63,5.92
1982-12-31,0.56,-0.14,-0.06,0.0,1.0,0.67,-0.02
1983-01-31,3.59,3.41,-0.72,-1.52,-0.56,0.69,-1.63
1983-02-28,2.59,2.88,0.66,-0.36,1.01,0.62,3.69
1983-03-31,2.81,1.37,2.06,-0.19,2.8,0.63,0.88
1983-04-30,6.65,0.43,0.43,-0.07,1.51,0.71,1.63
1983-05-31,0.51,6.26,-1.4,-1.81,-1.43,0.69,-1.55
1983-06-30,3.07,1.16,-3.89,2.55,-0.78,0.67,1.83
1983-07-31,-4.06,1.05,5.54,-0.07,2.88,0.74,-3.08
1983-08-31,-0.5,-4.32,5.59,0.52,1.85,0.76,-5.38
1983-09-30,0.91,0.3,0.99,1.21,0.5,0.76,-0.01
1983-10-31,-3.43,-3.75,4.96,-0.82,3.0,0.76,-4.46
1983-11-30,2.16,1.87,-0.73,-0.68,0.64,0.7,-0.14
1983-12-31,-1.77,-0.42,1.75,1.55,1.33,0.73,0.81
1984-01-31,-1.92,0.0,7.48,-0.88,2.88,0.76,-2.57
1984-02-29,-4.76,-1.58,3.41,1.04,1.51,0.71,0.45
1984-03-31,0.65,-0.25,0.53,-0.97,1.15,0.73,1.09
1984-04-30,-0.51,-0.94,1.19,3.3,0.77,0.81,2.14
1984-05-31,-5.98,0.14,0.26,2.41,-0.51,0.78,1.54
1984-06-30,1.81,0.16,-2.75,3.08,-1.57,0.75,-0.53
1984-07-31,-2.72,-2.21,0.39,3.52,-2.16,0.82,2.77
1984-08-31,10.27,-0.28,-1.74,-0.73,-0.91,0.83,-5.62
1984-09-30,-0.8,-0.04,5.25,1.37,2.39,0.86,3.66
1984-10-31,-0.84,-1.34,0.59,1.14,-1.04,1.0,3.28
1984-11-30,-1.77,-1.06,3.87,0.8,1.95,0.73,1.56
1984-12-31,1.84,-0.6,-0.03,1.08,-1.41,0.64,1.46
1985-01-31,7.97,3.45,-5.2,-0.99,-3.46,0.65,-6.82
1985-02-28,1.22,0.91,-0.36,1.52,1.16,0.58,1.9
1985-03-31,-0.84,-1.38,4.01,1.23,2.86,0.62,1.78
1985-04-30,-0.96,-0.14,3.6,1.62,0.71,0.72,2.95
1985-05-31,5.07,-2.36,-0.98,1.27,-1.43,0.66,4.05
1985-06-30,1.27,0.21,0.38,1.69,-1.02,0.55,3.37
1985-07-31,-0.72,2.85,-1.62,-0.36,-0.37,0.62,-3.69
1985-08-31,-1.01,-0.3,2.34,-0.16,1.93,0.55,1.77
1985-09-30,-4.5,-1.84,1.21,1.11,1.58,0.6,1.6
1985-10-31,4.0,-1.47,0.77,0.88,-1.06,0.65,4.87
1985-11-30,6.46,-0.05,-2.91,0.32,-2.35,0.61,-0.55
1985-12-31,3.88,-0.41,-1.46,0.96,-1.77,0.65,-0.23
1986-01-31,0.65,0.95,0.46,-1.99,-1.99,0.56,2.95
1986-02-28,7.14,-0.72,-0.63,1.16,-1.23,0.53,2.56
1986-03-31,4.91,-0.63,-0.39,1.0,0.81,0.6,2.38
1986-04-30,-1.28,2.81,-2.81,2.9,-0.1,0.52,-0.35
1986-05-31,4.63,-1.29,-0.14,2.07,1.1,0.49,2.06
1986-06-30,1.06,-0.87,1.2,1.85,0.83,0.52,4.94
1986-07-31,-6.43,-3.53,4.66,-0.55,0.81,0.52,1.89
1986-08-31,6.07,-4.34,3.54,-1.71,3.32,0.46,-5.17
1986-09-30,-8.59,2.1,3.23,-0.17,3.71,0.45,-5.68
1986-10-31,4.64,-2.37,-1.42,-0.01,1.01,0.46,4.48
1986-11-30,1.16,-1.86,-0.02,0.98,0.7,0.39,-0.27
1986-12-31,-3.26,0.19,0.36,0.87,0.09,0.49,0.45
1987-01-31,12.44,-1.61,-3.18,0.17,-1.03,0.42,2.03
1987-02-28,4.37,3.36,-5.86,-0.79,-2.55,0.43,-2.22
1987-03-31,1.63,0.32,1.66,1.3,4.17,0.47,1.66
1987-04-30,-2.09,-1.58,-0.36,-0.52,1.16,0.44,0.2
1987-05-31,0.11,-0.58,0.22,0.49,1.13,0.38,-0.77
1987-06-30,3.91,-2.11,1.13,1.56,1.07,0.48,-0.22
1987-07-31,3.84,-1.07,0.94,-0.65,1.58,0.46,2.57
1987-08-31,3.52,-1.01,-0.98,2.11,-1.55,0.47,-0.95
1987-09-30,-2.58,0.45,0.26,-0.88,1.82,0.45,0.8
1987-10-31,-23.19,-7.91,4.18,2.29,2.24,0.6,-7.75
1987-11-30,-7.76,2.78,3.14,-1.93,0.6,0.35,-1.21
1987-12-31,6.82,-0.01,-4.42,3.13,-2.46,0.39,5.88
1988-01-31,4.21,-0.56,4.93,-1.19,2.1,0.29,-7.35
1988-02-29,4.77,3.3,-1.53,1.51,0.06,0.46,-1.45
1988-03-31,-2.26,6.11,0.86,-0.23,1.78,0.44,0.61
1988-04-30,0.56,1.09,1.51,-0.09,1.9,0.46,2.2
1988-05-31,-0.27,-2.52,2.44,-0.77,0.3,0.51,0.66
1988-06-30,4.78,2.07,-1.35,1.52,-3.52,0.49,-3.02
1988-07-31,-1.25,-0.18,2.18,-0.49,1.53,0.51,0.66
1988-08-31,-3.31,-0.02,2.14,-0.85,1.65,0.59,0.36
1988-09-30,3.31,-1.38,-0.75,1.76,-0.55,0.62,0.29
1988-10-31,1.16,-2.97,2.03,1.39,0.99,0.61,1.3
1988-11-30,-2.27,-1.58,1.47,-0.36,1.64,0.57,0.18
1988-12-31,1.48,1.94,-1.83,0.69,-0.38,0.63,0.31
1989-01-31,6.06,-2.26,0.61,-0.97,0.11,0.55,-0.25
1989-02-28,-2.23,2.7,0.99,-0.84,1.88,0.61,0.99
1989-03-31,1.57,0.68,0.47,-0.01,0.65,0.67,3.51
1989-04-30,4.35,-0.75,-1.48,0.73,-0.48,0.67,1.71
1989-05-31,3.28,-0.06,-0.9,0.45,-0.26,0.79,1.42
1989-06-30,-1.33,-1.04,2.21,0.13,1.52,0.71,0.4
1989-07-31,7.18,-4.11,-2.8,2.05,-0.56,0.7,5.32
1989-08-31,1.43,0.48,0.62,0.36,-0.61,0.74,-0.49
1989-09-30,-0.76,0.47,-1.27,1.39,0.58,0.65,3.51
1989-10-31,-3.65,-3.3,-1.16,0.08,-0.11,0.68,1.35
1989-11-30,1.04,-1.26,-1.13,-0.74,1.38,0.69,2.7
1989-12-31,1.18,-2.28,0.15,-0.07,1.31,0.61,2.79
1990-01-31,-7.8,-1.21,0.83,-1.12,1.4,0.57,-2.98
1990-02-28,1.11,1.15,0.65,-0.04,-0.61,0.57,-0.51
1990-03-31,1.83,1.59,-2.9,1.99,-0.94,0.64,1.72
1990-04-30,-3.36,-0.35,-2.57,1.78,-1.0,0.69,2.28
1990-05-31,8.44,-2.41,-3.89,1.68,-1.63,0.68,3.14
1990-06-30,-1.09,1.31,-2.0,-0.99,-0.39,0.63,2.49
1990-07-31,-1.9,-3.15,-0.06,-0.1,3.21,0.68,6.04
1990-08-31,-10.13,-3.79,1.56,-0.48,2.99,0.66,1.97
1990-09-30,-6.11,-3.72,0.59,0.03,3.62,0.6,5.71
1990-10-31,-1.91,-5.06,0.08,3.17,-0.25,0.68,6.74
1990-11-30,6.35,0.02,-2.97,0.58,-4.71,0.57,-5.36
1990-12-31,2.48,0.6,-1.57,2.66,-1.98,0.6,0.25
1991-01-31,4.69,3.87,-1.48,1.34,-4.07,0.52,-6.47
1991-02-28,7.21,4.02,-0.62,-0.06,-0.34,0.48,-4.94
1991-03-31,2.67,3.81,-1.3,-0.52,-0.99,0.44,2.71
1991-04-30,-0.29,0.35,1.49,0.67,0.81,0.53,-2.32
1991-05-31,3.66,0.14,-0.52,2.07,-2.36,0.47,-0.09
1991-06-30,-4.94,0.3,1.08,1.75,0.68,0.42,0.42
1991-07-31,4.24,-1.0,-1.3,1.6,-1.44,0.49,4.26
1991-08-31,2.32,1.42,-0.79,0.85,-0.32,0.46,1.58
1991-09-30,-1.59,1.58,-1.23,-1.77,-0.04,0.46,1.75
1991-10-31,1.29,0.85,-0.43,-1.65,-0.3,0.42,3.18
1991-11-30,-4.2,-0.88,-1.77,1.1,-0.12,0.39,1.18
1991-12-31,10.86,-2.41,-4.23,3.67,-3.14,0.38,8.29
1992-01-31,-0.59,9.19,4.67,-1.17,3.25,0.34,-2.5
1992-02-29,1.09,1.3,6.51,0.07,2.25,0.28,-0.7
1992-03-31,-2.66,-0.89,3.49,-0.06,1.82,0.34,-0.21
1992-04-30,1.09,-5.75,4.36,1.65,2.4,0.32,-2.55
1992-05-31,0.3,0.2,1.11,-0.91,0.49,0.28,0.06
1992-06-30,-2.33,-2.76,3.24,-0.06,0.95,0.32,-0.57
1992-07-31,3.78,-0.65,-0.51,1.24,-0.97,0.31,1.47
1992-08-31,-2.38,-0.39,-1.09,3.66,-1.64,0.26,-0.47
1992-09-30,1.19,0.47,-0.19,1.61,-0.68,0.26,1.44
1992-10-31,1.02,2.09,-1.98,1.19,-0.91,0.23,2.5
1992-11-30,4.14,3.88,-1.52,-0.54,-1.58,0.23,-0.25
1992-12-31,1.53,1.65,2.64,-0.52,0.83,0.28,4.33
1993-01-31,0.93,1.94,5.9,-1.9,2.94,0.23,4.85
1993-02-28,0.12,-3.37,6.48,-0.47,4.15,0.22,3.18
1993-03-31,2.32,0.09,1.26,-0.22,0.82,0.25,3.7
1993-04-30,-3.05,-0.81,2.55,-3.69,1.38,0.24,0.36
1993-05-31,2.89,1.94,-3.46,-0.14,-1.03,0.22,0.21
1993-06-30,0.3,0.12,2.64,-0.91,1.16,0.25,4.57
1993-07-31,-0.34,0.96,2.87,-1.84,2.05,0.24,3.22
1993-08-31,3.72,0.08,0.18,-1.52,0.04,0.25,2.54
1993-09-30,-0.12,3.02,-0.24,0.25,-0.19,0.26,3.39
1993-10-31,1.41,1.86,-2.78,0.61,0.56,0.22,-2.67
1993-11-30,-1.87,-1.31,-0.78,2.19,-1.03,0.25,-4.77
1993-12-31,1.65,1.35,0.25,1.14,-0.35,0.23,2.33
1994-01-31,2.87,-0.05,1.1,-1.54,1.39,0.25,0.11
1994-02-28,-2.55,2.62,-1.52,2.08,-0.94,0.21,-0.34
1994-03-31,-4.79,-1.03,1.67,0.65,1.39,0.27,-1.32
1994-04-30,0.68,-1.0,1.66,1.05,1.14,0.27,0.33
1994-05-31,0.58,-2.49,0.6,0.64,0.6,0.32,-2.05
1994-06-30,-3.04,-0.52,1.77,1.05,1.5,0.31,-0.9
1994-07-31,2.82,-1.87,0.61,-0.66,0.1,0.28,0.11
1994-08-31,4.02,1.44,-2.55,0.98,-1.52,0.37,1.54
1994-09-30,-2.28,2.71,-1.81,0.56,1.06,0.37,1.32
1994-10-31,1.35,-2.22,-1.66,0.18,-0.73,0.38,1.31
1994-11-30,-4.03,0.09,-0.73,0.48,-0.53,0.37,-0.12
1994-12-31,0.86,-0.05,-0.09,0.4,0.36,0.44,3.45
1995-01-31,1.8,-3.07,2.59,0.15,-0.65,0.42,-1.84
1995-02-28,3.63,-0.49,0.99,0.61,-0.4,0.4,-0.47
1995-03-31,2.19,-0.53,-2.13,-0.13,0.23,0.46,0.45
1995-04-30,2.11,-0.26,1.67,0.43,0.82,0.45,1.8
1995-05-31,2.9,-2.17,2.28,0.41,0.01,0.54,-0.55
1995-06-30,2.72,3.05,-2.54,-0.23,-2.39,0.47,3.01
1995-07-31,3.71,2.12,-1.58,0.22,-1.58,0.45,2.6
1995-08-31,0.55,1.7,2.68,-1.17,1.49,0.47,0.05
1995-09-30,3.36,-1.86,-0.11,0.99,0.4,0.43,2.86
1995-10-31,-1.51,-4.07,-0.49,1.93,-0.1,0.47,4.17
1995-11-30,3.96,-1.06,0.52,-0.57,1.0,0.42,-0.72
1995-12-31,1.04,0.65,0.24,-1.44,3.02,0.49,2.48
1996-01-31,2.26,-2.64,0.46,0.26,2.3,0.43,0.57
1996-02-29,1.33,1.77,-1.05,0.16,-1.89,0.39,0.57
1996-03-31,0.74,1.56,0.42,1.44,-0.95,0.39,-1.85
1996-04-30,2.05,4.7,-3.97,-0.2,-2.03,0.46,-0.94
1996-05-31,2.36,3.23,-0.9,0.03,-0.33,0.42,1.62
1996-06-30,-1.13,-3.67,2.33,3.5,1.2,0.4,1.02
1996-07-31,-5.96,-3.78,5.19,2.9,2.68,0.45,-0.15
1996-08-31,2.77,2.58,-0.82,-0.38,-2.47,0.41,-0.02
1996-09-30,5.01,-1.41,-2.74,1.3,-2.13,0.44,2.67
1996-10-31,0.87,-3.79,4.88,1.38,2.97,0.42,3.72
1996-11-30,6.25,-3.82,1.4,2.06,-0.69,0.41,-2.35
1996-12-31,-1.7,3.19,1.28,0.23,1.49,0.46,0.53
1997-01-31,4.97,-1.82,-1.44,1.22,-0.07,0.45,1.87
1997-02-28,-0.48,-2.54,5.61,0.72,3.47,0.39,-2.18
1997-03-31,-5.02,-0.41,3.39,0.39,1.53,0.43,0.88
1997-04-30,4.04,-5.7,0.0,3.36,-1.02,0.43,4.83
1997-05-31,6.73,4.68,-4.11,-1.04,-2.76,0.49,-5.19
1997-06-30,4.1,1.17,1.44,0.56,0.45,0.37,2.59
1997-07-31,7.31,-2.74,0.13,0.18,-2.56,0.43,3.7
1997-08-31,-4.09,7.5,1.13,-1.02,-0.17,0.41,-2.57
1997-09-30,5.34,2.48,0.24,-1.58,-0.93,0.44,1.46
1997-10-31,-3.81,-0.56,2.33,0.75,2.01,0.42,-0.53
1997-11-30,2.99,-5.01,1.22,3.08,1.73,0.39,0.38
1997-12-31,1.36,-2.09,3.74,0.64,1.95,0.48,3.91
1998-01-31,0.14,-1.28,-1.68,0.91,-0.62,0.43,0.05
1998-02-28,7.04,0.05,-0.93,-0.37,-2.58,0.39,-1.19
1998-03-31,4.76,-0.73,1.38,-0.55,-0.23,0.39,2.13
1998-04-30,0.74,0.01,1.03,-1.68,-0.36,0.43,0.76
1998-05-31,-3.05,-3.0,3.41,1.03,2.47,0.4,1.91
1998-06-30,3.21,-3.61,-2.03,-0.26,-3.03,0.41,7.26
1998-07-31,-2.42,-5.2,-1.83,1.64,0.76,0.4,3.79
1998-08-31,-16.05,-4.97,3.57,3.35,5.78,0.43,1.9
1998-09-30,6.19,-0.89,-3.51,-1.84,-2.84,0.46,-0.65
1998-10-31,6.98,-3.36,-2.33,0.88,0.18,0.32,-5.33
1998-11-30,6.07,0.76,-3.24,-0.92,-0.92,0.31,1.13
1998-12-31,6.15,-1.5,-4.25,-0.69,-3.26,0.38,8.87
1999-01-31,3.47,-0.82,-4.46,-2.8,-6.41,0.35,2.84
1999-02-28,-4.08,-5.15,1.95,-1.23,4.08,0.35,-0.14
1999-03-31,3.48,-4.37,-2.61,-4.05,-1.07,0.43,-1.21
1999-04-30,4.34,4.52,2.4,-2.47,0.84,0.37,-8.98
1999-05-31,-2.46,3.75,2.49,0.95,3.18,0.34,-5.25
1999-06-30,4.77,2.34,-3.22,0.93,-2.91,0.4,4.66
1999-07-31,-3.49,2.54,-0.18,0.29,3.27,0.38,1.7
1999-08-31,-1.37,-1.67,-1.93,-0.24,0.72,0.39,2.98
1999-09-30,-2.77,2.48,-2.9,-0.96,-0.99,0.39,6.38
1999-10-31,6.09,-7.13,-2.88,-1.75,-0.87,0.39,5.45
1999-11-30,3.41,5.69,-5.65,-4.18,-1.84,0.36,5.49
1999-12-31,7.66,5.1,-7.66,-8.0,-5.87,0.44,13.1
2000-01-31,-4.74,4.21,-1.12,-6.15,4.56,0.41,1.86
2000-02-29,2.45,18.46,-9.77,-18.95,-1.13,0.43,18.0
2000-03-31,5.21,-15.54,8.5,11.65,-1.2,0.47,-6.85
2000-04-30,-6.35,-4.75,6.45,8.07,5.63,0.46,-8.6
2000-05-31,-4.39,-3.86,4.59,4.05,1.47,0.5,-8.99
2000-06-30,4.68,9.95,-8.04,-8.31,-3.17,0.4,16.6
2000-07-31,-2.48,-0.94,8.06,5.72,2.98,0.48,-0.16
2000-08-31,7.03,-0.95,-1.37,-3.06,1.21,0.5,5.59
2000-09-30,-5.44,0.27,7.24,2.7,5.54,0.51,1.89
2000-10-31,-2.78,-2.58,5.58,9.54,3.71,0.56,-4.56
2000-11-30,-10.7,-0.35,12.24,13.05,8.35,0.51,-2.17
2000-12-31,1.18,3.26,7.55,1.92,4.82,0.5,6.59
2001-01-31,3.25,5.23,-5.05,-5.2,-5.21,0.54,-25.3
2001-02-28,-10.03,2.87,12.23,9.12,9.01,0.38,12.6
2001-03-31,-7.25,2.33,6.47,3.34,3.72,0.42,8.65
2001-04-30,7.94,-0.88,-4.64,-3.18,-3.19,0.39,-8.01
2001-05-31,0.68,3.55,3.38,0.29,1.95,0.32,2.15
2001-06-30,-1.94,6.69,-1.26,1.57,-1.67,0.28,0.62
2001-07-31,-2.13,-2.86,4.95,7.29,2.9,0.3,5.48
2001-08-31,-6.4,2.54,2.86,3.81,6.53,0.31,5.46
2001-09-30,-9.24,-5.74,1.52,5.03,3.35,0.28,11.3
2001-10-31,2.48,5.34,-7.31,-2.98,-4.36,0.22,-8.32
2001-11-30,7.53,-0.36,2.17,-3.49,-1.68,0.17,-8.61
2001-12-31,1.61,5.11,0.83,0.26,-0.28,0.15,0.02
2002-01-31,-1.44,1.28,3.42,4.73,2.83,0.14,3.65
2002-02-28,-2.28,-0.38,2.34,8.03,5.1,0.13,6.83
2002-03-31,4.24,4.15,1.08,-1.83,0.66,0.13,-1.69
2002-04-30,-5.21,6.63,4.01,4.59,5.35,0.15,7.7
2002-05-31,-1.36,-3.07,1.52,2.31,2.53,0.14,3.09
2002-06-30,-7.23,3.76,0.37,3.92,2.66,0.13,6.24
2002-07-31,-8.19,-6.33,-3.51,3.84,-1.1,0.15,3.63
2002-08-31,0.5,-1.28,3.01,1.37,-1.4,0.14,1.87
2002-09-30,-10.34,3.05,1.26,3.29,-2.29,0.14,9.18
2002-10-31,7.84,-4.29,-3.76,-3.16,0.73,0.14,-5.58
2002-11-30,5.96,2.94,-1.16,-9.25,5.16,0.12,-16.4
2002-12-31,-5.76,0.55,2.11,6.32,-1.79,0.11,9.72
2003-01-31,-2.57,0.71,-0.79,-0.93,0.69,0.1,1.59
2003-02-28,-1.88,-0.87,-1.36,0.79,-0.68,0.09,1.21
2003-03-31,1.09,0.77,-2.11,1.68,-0.81,0.1,1.4
2003-04-30,8.18,1.14,1.22,-4.68,0.98,0.1,-9.35
2003-05-31,6.05,4.78,0.7,-6.94,3.07,0.09,-10.7
2003-06-30,1.42,1.65,0.14,0.44,-0.4,0.1,-1.23
2003-07-31,2.33,4.4,-1.53,-3.89,1.52,0.07,-0.3
2003-08-31,2.33,2.37,1.64,-2.29,2.15,0.07,-0.53
2003-09-30,-1.24,0.57,0.14,0.9,0.41,0.08,-0.07
2003-10-31,6.08,2.63,2.21,-1.38,1.65,0.07,4.01
2003-11-30,1.35,2.31,1.72,0.21,1.68,0.07,1.36
2003-12-31,4.29,-2.51,1.51,0.57,0.85,0.08,-5.54
2004-01-31,2.15,2.46,2.42,-3.6,3.33,0.07,2.57
2004-02-29,1.4,-0.92,0.95,2.13,-1.17,0.06,-1.17
2004-03-31,-1.32,2.11,0.23,1.65,-0.98,0.09,0.19
2004-04-30,-1.82,-2.06,-3.23,3.46,-2.83,0.08,-5.34
2004-05-31,1.18,-0.4,-0.18,-1.17,0.01,0.06,1.49
2004-06-30,1.86,2.52,1.21,1.12,-0.31,0.08,2.08
2004-07-31,-4.04,-2.92,3.22,5.21,-1.68,0.1,-2.24
2004-08-31,0.08,-1.18,1.08,1.21,-1.35,0.11,-1.55
2004-09-30,1.6,3.22,-0.05,-1.49,-1.72,0.11,5.48
2004-10-31,1.42,0.15,-0.26,-0.53,0.41,0.11,-1.43
2004-11-30,4.53,4.12,1.57,-0.52,-0.18,0.15,3.08
2004-12-31,3.41,-0.04,-0.23,-1.07,0.39,0.16,-2.85
2005-01-31,-2.75,-1.11,2.06,2.8,-1.41,0.16,2.96
2005-02-28,1.88,-0.3,1.41,1.32,-0.21,0.16,3.43
2005-03-31,-1.93,-1.41,2.07,0.44,1.34,0.21,0.43
2005-04-30,-2.6,-3.97,0.05,0.97,-0.85,0.21,-0.68
2005-05-31,3.65,2.76,-0.58,-1.02,0.28,0.24,0.37
2005-06-30,0.58,3.26,2.8,0.87,-0.52,0.23,2.07
2005-07-31,3.92,2.76,-0.78,-1.19,-0.78,0.24,0.03
2005-08-31,-1.2,-0.94,1.34,-1.96,0.38,0.3,2.07
2005-09-30,0.48,-0.31,0.78,0.26,-0.61,0.29,3.46
2005-10-31,-2.04,-1.5,0.43,-0.7,-1.26,0.27,-1.19
2005-11-30,3.61,0.9,-1.18,-0.79,-1.09,0.31,0.34
2005-12-31,-0.24,-0.25,0.15,0.18,0.2,0.32,0.78
2006-01-31,3.03,5.83,0.99,-0.66,-0.35,0.35,2.52
2006-02-28,-0.3,-0.46,-0.31,-0.54,1.98,0.34,-1.78
2006-03-31,1.47,3.34,0.61,0.03,-0.44,0.37,1.26
2006-04-30,0.73,-0.79,2.26,1.74,-0.13,0.36,0.6
2006-05-31,-3.56,-2.9,2.38,0.87,1.53,0.43,-3.66
2006-06-30,-0.34,-0.24,0.85,1.32,-0.13,0.4,1.55
2006-07-31,-0.77,-3.6,2.62,1.63,0.84,0.4,-2.04
2006-08-31,2.03,0.45,-1.95,-1.81,2.14,0.42,-3.36
2006-09-30,1.84,-1.39,0.06,0.78,0.46,0.41,-0.98
2006-10-31,3.22,1.98,-0.33,-0.11,0.32,0.41,-0.25
2006-11-30,1.7,0.63,0.04,0.2,-0.8,0.42,-1.04
2006-12-31,0.85,-0.81,2.74,-0.65,1.88,0.4,0.79
2007-01-31,1.38,0.02,-0.68,0.19,0.4,0.44,0.17
2007-02-28,-1.96,1.33,-0.08,-0.52,-0.66,0.38,-1.29
2007-03-31,0.71,0.14,-0.88,0.55,-0.67,0.43,2.58
2007-04-30,3.49,-2.08,-1.44,1.18,1.01,0.44,-0.16
2007-05-31,3.24,0.33,-0.59,1.47,-1.26,0.41,-0.33
2007-06-30,-1.96,0.7,-1.05,0.49,0.06,0.4,0.52
2007-07-31,-3.72,-3.05,-3.68,0.26,-1.16,0.4,2.84
2007-08-31,0.94,-0.33,-1.87,-1.27,-0.57,0.42,-0.03
2007-09-30,3.22,-2.44,-2.17,-0.49,-2.94,0.32,4.43
2007-10-31,1.79,-0.03,-2.87,-0.33,0.06,0.32,5.03
2007-11-30,-4.8,-2.91,-1.09,1.75,-0.36,0.34,1.12
2007-12-31,-0.87,0.18,-0.51,0.9,-1.07,0.27,6.56
2008-01-31,-6.32,-0.63,4.0,2.12,2.06,0.21,-7.74
2008-02-29,-3.09,-0.64,-0.72,1.07,-0.97,0.13,6.13
2008-03-31,-0.94,0.59,0.31,0.89,0.47,0.17,4.25
2008-04-30,4.61,-1.16,-0.96,1.81,-2.56,0.18,-0.33
2008-05-31,1.87,3.04,-1.5,0.92,0.14,0.18,3.39
2008-06-30,-8.43,1.16,-2.51,4.98,-0.69,0.17,12.7
2008-07-31,-0.75,3.71,5.2,-1.36,0.99,0.15,-5.02
2008-08-31,1.53,3.28,1.52,1.83,0.66,0.13,-4.48
2008-09-30,-9.35,0.38,5.66,2.4,1.7,0.15,0.86
2008-10-31,-17.2,-3.06,-1.89,2.73,1.38,0.08,7.87
2008-11-30,-7.74,-4.0,-6.21,4.67,2.39,0.03,7.28
2008-12-31,1.77,3.33,0.05,0.03,-1.52,0.0,-5.09
2009-01-31,-8.09,-2.09,-11.02,0.0,-1.16,0.0,-2.36
2009-02-28,-10.14,-1.17,-6.6,1.01,-0.62,0.01,4.36
2009-03-31,9.01,0.59,3.48,-2.58,-2.0,0.02,-11.8
2009-04-30,10.17,7.14,5.38,1.34,0.5,0.01,-34.3
2009-05-31,5.2,-2.24,0.41,-0.81,-1.99,0.0,-12.5
2009-06-30,0.42,2.27,-2.76,-1.41,-0.37,0.01,5.45
2009-07-31,7.74,2.31,4.89,-0.26,3.08,0.01,-5.54
2009-08-31,3.33,-0.1,7.6,-2.85,3.3,0.01,-9.1
2009-09-30,4.08,2.72,1.15,1.15,0.34,0.01,-4.87
2009-10-31,-2.55,-4.85,-4.17,4.22,-1.48,0.0,2.49
2009-11-30,5.58,-2.76,-0.33,0.9,0.0,0.0,0.39
2009-12-31,2.74,6.14,-0.11,0.71,-0.09,0.01,3.0
2010-01-31,-3.35,0.4,0.33,-1.08,0.51,0.0,-5.33
2010-02-28,3.39,1.49,3.18,-0.29,1.42,0.0,3.69
2010-03-31,6.3,1.83,2.19,-0.61,1.74,0.01,3.57
2010-04-30,2.0,4.96,2.96,0.61,1.75,0.01,3.16
2010-05-31,-7.9,0.08,-2.48,1.3,-0.24,0.01,-0.2
2010-06-30,-5.57,-2.42,-4.73,-0.1,-1.58,0.01,-2.7
2010-07-31,6.92,0.04,-0.5,0.17,2.02,0.01,1.78
2010-08-31,-4.77,-3.06,-1.73,0.6,-1.6,0.01,0.04
2010-09-30,9.55,3.65,-3.02,-0.19,0.38,0.01,1.38
2010-10-31,3.87,0.73,-2.46,1.28,-0.38,0.01,1.46
2010-11-30,0.59,3.54,-0.9,0.32,1.79,0.01,2.73
2010-12-31,6.82,0.97,3.56,-3.42,3.17,0.01,-3.0
2011-01-31,1.98,-2.31,0.61,-0.64,0.81,0.01,-0.3
2011-02-28,3.48,1.65,1.18,-1.83,0.84,0.01,1.88
2011-03-31,0.46,2.56,-1.84,1.73,-0.07,0.01,3.45
2011-04-30,2.9,-0.53,-2.44,1.12,-0.86,0.0,0.05
2011-05-31,-1.27,-0.72,-1.85,1.92,-1.43,0.0,-0.6
2011-06-30,-1.74,0.06,-0.2,2.27,-1.42,0.0,1.82
2011-07-31,-2.35,-1.11,-0.91,2.68,-1.73,0.0,0.2
2011-08-31,-5.96,-3.09,-2.43,3.41,-0.26,0.01,-0.27
2011-09-30,-7.57,-3.49,-1.53,1.99,0.15,0.0,-2.4
2011-10-31,11.34,3.25,0.06,-2.25,-0.73,0.0,-1.4
2011-11-30,-0.27,-0.3,-0.52,1.94,1.44,0.0,3.88
2011-12-31,0.75,-0.29,1.54,1.06,2.47,0.0,1.83
2012-01-31,5.05,2.02,-0.93,-2.06,-1.48,0.0,-8.01
2012-02-29,4.4,-1.67,0.42,-0.36,-0.08,0.0,-0.26
2012-03-31,3.11,-0.48,1.19,-0.61,0.7,0.0,1.31
2012-04-30,-0.84,-0.5,-0.77,1.3,0.66,0.0,3.72
2012-05-31,-6.17,-0.08,-0.95,2.03,2.36,0.01,6.44
2012-06-30,3.9,0.89,0.55,-1.06,0.45,0.0,-1.1
2012-07-31,0.79,-2.81,-0.06,1.04,0.01,0.0,3.0
2012-08-31,2.54,0.44,1.23,-1.5,-0.86,0.01,-2.35
2012-09-30,2.73,0.57,1.62,-1.3,1.56,0.01,-1.13
2012-10-31,-1.76,-0.83,3.52,-1.4,2.52,0.01,0.05
2012-11-30,0.78,0.4,-0.86,0.38,0.81,0.01,0.53
2012-12-31,1.18,1.92,3.48,-1.72,0.8,0.01,-2.93
2013-01-31,5.57,0.42,1.01,-2.01,1.52,0.0,-1.82
2013-02-28,1.29,-0.25,0.21,-0.59,0.61,0.0,1.23
2013-03-31,4.03,0.88,-0.22,0.27,1.41,0.0,1.92
2013-04-30,1.56,-2.24,0.44,0.39,0.43,0.0,0.22
2013-05-31,2.81,2.04,2.67,-2.0,-0.95,0.0,-2.01
2013-06-30,-1.2,1.54,-0.05,-0.28,-0.06,0.0,0.43
2013-07-31,5.65,1.75,0.58,-1.35,0.57,0.0,1.74
2013-08-31,-2.71,-0.03,-2.73,0.71,-2.17,0.0,0.04
2013-09-30,3.77,2.65,-1.18,-0.54,-1.32,0.0,3.02
2013-10-31,4.17,-1.5,1.22,2.75,0.89,0.0,0.02
2013-11-30,3.12,1.44,0.19,0.26,0.06,0.0,0.39
2013-12-31,2.8,-0.44,0.0,-0.58,0.08,0.0,0.02
2014-01-31,-3.3,0.6,-1.99,-3.91,-1.54,0.0,1.61
2014-02-28,4.68,0.13,-0.35,-0.25,-0.54,0.0,2.13
2014-03-31,0.41,-1.13,4.9,2.02,1.92,0.0,-3.27
2014-04-30,-0.19,-4.07,1.22,3.4,0.93,0.0,-3.82
2014-05-31,2.04,-1.86,-0.1,-0.09,-0.96,0.0,0.89
2014-06-30,2.61,3.06,-0.71,-1.83,-1.91,0.0,0.65
2014-07-31,-2.03,-4.2,-0.08,0.93,0.51,0.0,-0.17
2014-08-31,4.24,0.29,-0.57,-0.64,-0.69,0.0,0.83
2014-09-30,-1.96,-3.66,-1.47,1.2,-0.59,0.0,0.6
2014-10-31,2.51,3.66,-1.63,-0.39,0.21,0.0,-0.21
2014-11-30,2.56,-2.3,-3.13,1.57,0.14,0.0,0.69
2014-12-31,-0.05,2.83,2.12,-1.21,0.9,0.0,1.03
2015-01-31,-3.09,-0.93,-3.45,1.58,-1.64,0.0,3.74
2015-02-28,6.14,0.36,-1.79,-1.1,-1.75,0.0,-3.1
2015-03-31,-1.09,3.08,-0.38,0.07,-0.62,0.0,2.7
2015-04-30,0.6,-3.01,1.8,0.05,-0.62,0.0,-7.27
2015-05-31,1.38,0.82,-1.11,-1.76,-0.83,0.0,5.68
2015-06-30,-1.54,2.9,-0.82,0.35,-1.54,0.0,3.01
2015-07-31,1.57,-4.58,-4.16,0.31,-2.44,0.0,9.97
2015-08-31,-6.02,0.29,2.75,0.66,1.29,0.0,-2.16
2015-09-30,-3.06,-2.8,0.55,1.8,-0.59,0.0,5.24
2015-10-31,7.75,-2.06,-0.47,0.95,0.61,0.0,-3.19
2015-11-30,0.57,3.3,-0.43,-2.65,-1.06,0.0,2.29
2015-12-31,-2.15,-2.95,-2.57,0.34,0.12,0.01,3.34
2016-01-31,-5.74,-3.44,2.08,2.78,3.05,0.01,1.6
2016-02-29,-0.07,0.87,-0.61,3.31,1.94,0.02,-4.35
2016-03-31,6.95,1.0,1.22,0.68,0.01,0.02,-5.04
2016-04-30,0.91,1.23,3.22,-2.85,1.77,0.01,-5.98
2016-05-31,1.78,-0.62,-1.62,-1.1,-2.54,0.01,1.47
2016-06-30,-0.03,0.42,-1.49,1.45,1.9,0.02,4.2
2016-07-31,3.94,2.47,-1.24,1.31,-1.16,0.02,-3.31
2016-08-31,0.49,1.66,3.17,-1.85,-0.36,0.02,-3.41
2016-09-30,0.27,1.81,-1.19,-2.18,0.03,0.02,0.26
2016-10-31,-2.01,-4.02,4.11,0.99,0.25,0.02,0.51
2016-11-30,4.85,6.96,8.29,-0.24,3.71,0.01,-4.77
2016-12-31,1.81,0.44,3.47,1.24,-0.32,0.03,-0.27
2017-01-31,1.94,-1.44,-2.76,-0.51,-1.06,0.04,-0.93
2017-02-28,3.55,-2.3,-1.5,0.45,-1.8,0.04,-1.51
2017-03-31,0.17,0.75,-3.33,0.63,-0.95,0.03,-0.97
2017-04-30,1.08,0.41,-2.05,1.79,-1.6,0.05,0.48
2017-05-31,1.07,-2.99,-3.82,0.99,-1.66,0.06,1.5
2017-06-30,0.78,2.52,1.5,-2.26,0.04,0.06,-0.1
2017-07-31,1.88,-1.64,-0.23,-0.75,-0.15,0.07,1.63
2017-08-31,0.18,-1.83,-2.13,0.2,-2.38,0.09,3.31
2017-09-30,2.49,4.76,3.15,-1.54,1.63,0.09,-1.35
2017-10-31,2.25,-1.91,0.13,0.92,-3.14,0.09,4.21
2017-11-30,3.12,-0.38,-0.09,3.19,-0.1,0.08,-0.94
2017-12-31,1.06,-1.05,0.05,0.73,1.79,0.09,-1.55
2018-01-31,5.58,-3.21,-1.32,-0.75,-1.05,0.11,4.08
2018-02-28,-3.64,0.34,-1.1,0.53,-2.36,0.11,3.68
2018-03-31,-2.35,3.61,-0.21,-0.41,0.08,0.12,-1.2
2018-04-30,0.29,0.89,0.53,-2.42,1.24,0.14,0.45
2018-05-31,2.63,4.71,-3.14,-1.98,-1.49,0.14,3.91
2018-06-30,0.49,0.77,-2.33,0.83,0.2,0.14,-2.26
2018-07-31,3.2,-1.93,0.49,1.53,0.31,0.16,-1.43
2018-08-31,3.46,0.65,-3.91,-0.29,-2.57,0.16,5.3
2018-09-30,0.06,-2.49,-1.62,0.65,1.36,0.15,-0.08
2018-10-31,-7.64,-4.38,3.38,1.03,3.6,0.19,-2.06
2018-11-30,1.71,-0.81,0.36,-0.61,0.4,0.18,-1.4
2018-12-31,-9.55,-2.81,-1.92,-0.03,0.24,0.19,1.76
2019-01-31,8.36,2.91,-0.39,-0.73,-1.65,0.21,-8.62
2019-02-28,3.42,1.72,-2.66,0.16,-1.54,0.18,0.5
2019-03-31,1.1,-3.52,-4.14,0.88,-0.9,0.19,2.24
2019-04-30,3.97,-1.15,2.13,1.61,-2.18,0.21,-2.91
2019-05-31,-6.92,-1.56,-2.45,-0.48,1.76,0.21,7.55
2019-06-30,6.92,0.37,-0.64,0.89,-0.42,0.18,-2.24
2019-07-31,1.22,-1.82,0.5,-0.13,0.37,0.19,2.92
2019-08-31,-2.55,-3.25,-4.77,0.53,-0.62,0.16,7.51
2019-09-30,1.42,0.29,6.76,1.82,3.38,0.18,-6.74
2019-10-31,2.07,0.25,-1.92,0.43,-1.03,0.15,0.13
2019-11-30,3.87,0.39,-2.0,-1.64,-1.14,0.12,-2.54
2019-12-31,2.76,0.99,1.73,0.05,1.19,0.14,-2.22
2020-01-31,-0.09,-4.37,-6.22,-1.19,-2.19,0.13,6.02
2020-02-29,-8.15,0.08,-3.82,-1.43,-2.53,0.12,-0.28
2020-03-31,-13.35,-8.18,-13.83,-1.61,1.19,0.12,8.21
2020-04-30,13.58,2.57,-1.34,2.76,-1.02,0.0,-5.48
2020-05-31,5.59,1.92,-5.0,0.96,-3.16,0.01,0.16
2020-06-30,2.44,1.95,-2.17,0.14,0.55,0.01,-0.83
2020-07-31,5.83,-3.19,-1.44,0.38,0.97,0.01,7.71
2020-08-31,7.62,-0.89,-3.02,4.27,-1.51,0.01,0.46
2020-09-30,-3.64,-0.01,-2.72,-1.38,-1.93,0.01,3.19
2020-10-31,-2.08,4.67,4.25,-0.77,-0.57,0.01,-3.14
2020-11-30,12.44,7.12,2.09,-2.25,1.28,0.01,-12.5
2020-12-31,4.63,4.93,-1.68,-1.97,-0.06,0.01,-2.37
2021-01-31,-0.07,6.81,3.22,-3.65,4.97,0.0,4.31
2021-02-28,2.81,4.5,7.2,0.33,-1.99,0.0,-7.9
2021-03-31,3.16,-0.84,7.35,6.35,3.52,0.0,-6.11
2021-04-30,4.97,-3.16,-1.02,2.43,-2.72,0.0,1.23
2021-05-31,0.29,1.27,7.04,2.34,3.01,0.0,0.56
2021-06-30,2.73,-0.3,-7.86,-2.14,-0.93,0.0,2.07
2021-07-31,1.34,-4.55,-1.79,5.5,-0.59,0.0,-2.18
2021-08-31,2.95,-0.66,-0.23,-0.26,-1.72,0.0,2.63
2021-09-30,-4.4,1.12,5.12,-1.92,2.0,0.0,1.39
2021-10-31,6.63,-2.7,-0.53,1.71,-1.54,0.0,3.32
2021-11-30,-1.58,-1.7,-0.37,7.19,1.7,0.0,0.96
2021-12-31,3.24,-0.78,3.26,4.88,4.29,0.01,-2.39
2022-01-31,-6.15,-4.01,12.86,0.77,7.73,0.0,-2.42
2022-02-28,-2.28,2.86,3.06,-2.03,3.03,0.0,1.66
2022-03-31,3.08,-2.11,-1.9,-1.5,3.21,0.0,2.94
2022-04-30,-9.41,-0.35,6.18,3.41,5.92,0.0,5.0
2022-05-31,-0.33,-0.03,8.44,1.55,3.95,0.03,2.54
2022-06-30,-8.4,1.33,-6.0,1.76,-4.58,0.06,1.09
2022-07-31,9.57,1.78,-4.15,0.76,-6.85,0.08,-4.36
2022-08-31,-3.77,1.49,0.18,-4.78,1.32,0.19,1.85
2022-09-30,-9.34,-0.97,0.03,-1.37,-0.77,0.19,3.67
2022-10-31,7.86,1.81,7.97,3.27,6.43,0.23,3.9
2022-11-30,4.69,-2.75,1.48,6.31,3.15,0.29,-1.7
2022-12-31,-6.38,-0.19,1.34,0.33,4.28,0.33,4.91
2023-01-31,6.59,4.39,-3.94,-2.42,-4.43,0.35,-16.1
2023-02-28,-2.57,0.58,-0.8,0.97,-1.51,0.34,0.54
2023-03-31,2.49,-6.89,-9.05,2.28,-2.1,0.36,-2.35
2023-04-30,0.63,-2.57,-0.12,2.42,2.85,0.35,1.76
2023-05-31,0.33,-0.43,-7.79,-1.78,-7.08,0.36,-0.88
2023-06-30,6.46,1.28,-0.13,2.32,-1.54,0.4,-2.69
2023-07-31,3.21,2.86,4.06,-0.59,0.66,0.45,-4.06
2023-08-31,-2.36,-3.65,-1.15,3.39,-2.41,0.45,3.78
2023-09-30,-5.23,-1.78,1.49,1.87,-0.77,0.43,0.32
2023-10-31,-3.15,-4.03,0.2,2.43,-0.69,0.47,1.67
2023-11-30,8.88,-0.21,1.67,-3.74,-1.08,0.44,2.57
2023-12-31,4.86,7.27,4.89,-2.99,1.29,0.43,-5.53
2024-01-31,0.73,-5.71,-2.38,0.7,-0.97,0.47,5.41
2024-02-29,5.07,-0.8,-3.43,-1.91,-2.17,0.42,4.9
2024-03-31,2.84,-1.19,4.16,1.46,1.14,0.43,-0.32
2024-04-30,-4.65,-2.54,-0.45,1.49,-0.31,0.47,-0.42
2024-05-31,4.32,0.6,-1.31,3.19,-2.85,0.44,-0.16
2024-06-30,2.8,-4.33,-3.36,0.47,-1.8,0.41,0.85
2024-07-31,1.22,8.34,5.62,0.27,0.28,0.45,-2.35
2024-08-31,1.61,-3.55,-1.1,0.75,0.82,0.48,4.81
2024-09-30,1.73,-0.92,-2.77,0.18,-0.29,0.4,-0.62
2024-10-31,-1.0,-0.88,0.86,-1.42,0.98,0.39,2.98
2024-11-30,6.49,4.6,0.15,-2.3,-2.05,0.4,0.99
2024-12-31,-3.15,-3.83,-3.0,1.9,-1.21,0.37,-0.3
2025-01-31,2.8,-1.22,1.63,-2.32,-3.24,0.37,0.96
2025-02-28,-2.43,-4.91,4.91,1.1,3.06,0.33,-0.81
2025-03-31,-6.39,-1.49,2.9,2.11,-0.47,0.34,-2.84
2025-04-30,-0.84,-1.86,-3.4,-2.85,-2.67,0.35,4.97
2025-05-31,6.06,-0.72,-2.88,1.26,2.51,0.38,2.21
2025-06-30,4.86,-0.02,-1.6,-3.19,1.45,0.34,-2.65
