Date,VIX,2Y,10Y,YieldCurve,CreditSpread,FedFundsRate,Inflation_YoY,UnemploymentRate,GDP_YoY
1990-01-01,23.347272727272728,8.09,8.21,0.12142857142857141,1.7299999999999986,8.23,0.4957141381803177,5.4,4.4
1990-02-01,23.262631578947367,8.37,8.47,0.10263157894736842,1.67,8.24,0.235294117647058,5.3,4.4
1990-03-01,20.062272727272727,8.63,8.59,-0.038181818181818185,1.620000000000001,8.28,0.25568181818181573,5.2,4.4
1990-04-01,21.4035,8.72,8.79,0.0615,1.5100000000000016,8.26,0.12724445072812865,5.4,1.5
1990-05-01,18.097727272727273,8.64,8.76,0.11590909090909092,1.6500000000000004,8.18,0.08095254157249683,5.4,1.5
1990-06-01,16.82238095238095,8.35,8.48,0.12904761904761905,1.7400000000000002,8.29,0.35409981188448164,5.2,1.5
1990-07-01,18.392857142857142,8.16,8.47,0.3142857142857143,1.7299999999999986,8.15,0.24098805100913406,5.5,0.3
1990-08-01,28.175217391304347,8.06,8.75,0.691304347826087,1.6600000000000001,8.13,0.4397801099450219,5.7,0.3
1990-09-01,29.10736842105263,8.08,8.89,0.8136842105263158,1.75,8.2,0.39079461571862595,5.9,0.3
1990-10-01,29.625652173913043,7.88,8.72,0.8418181818181818,2.0199999999999996,8.11,0.35438884331419884,5.9,-3.6
1990-11-01,24.885714285714286,7.6,8.39,0.7935,2.2299999999999986,7.81,0.12266593975738664,6.2,-3.6
1990-12-01,23.363,7.31,8.08,0.761,2.3499999999999996,7.31,0.20398449717821424,6.3,-3.6
1991-01-01,27.429090909090913,7.13,8.09,0.9676190476190476,2.3599999999999994,6.91,0.1943886477029791,6.4,-1.9
1991-02-01,21.59842105263158,6.87,7.85,0.9878947368421053,2.2200000000000006,6.25,0.044543429844106086,6.6,-1.9
1991-03-01,17.74421052631579,7.1,8.11,1.0070000000000001,1.9800000000000004,6.12,0.0,6.8,-1.9
1991-04-01,17.37272727272727,6.95,8.04,1.0909090909090908,1.9000000000000004,5.91,0.12139196115456906,6.7,3.2
1991-05-01,16.93227272727273,6.78,8.07,1.2840909090909092,1.7899999999999991,5.78,0.19309368261835433,6.9,3.2
1991-06-01,17.134999999999998,6.96,8.28,1.328,1.6800000000000015,5.9,0.16856300042141623,6.9,3.2
1991-07-01,17.294090909090908,6.92,8.27,1.355,1.620000000000001,5.82,0.07672634271099717,6.8,2.0
1991-08-01,15.681363636363637,6.43,7.9,1.466818181818182,1.75,5.66,0.16019223067681343,6.9,2.0
1991-09-01,16.9565,6.18,7.65,1.4685000000000001,1.8599999999999994,5.45,0.15972314654598999,6.9,2.0
1991-10-01,16.36391304347826,5.91,7.53,1.615,1.96,5.21,0.07616629641383331,7.0,1.4
1991-11-01,17.773500000000002,5.56,7.42,1.858421052631579,2.0299999999999994,4.81,0.2498958767180426,7.0,1.4
1991-12-01,18.347619047619048,5.03,7.09,2.0628571428571427,2.17,4.43,0.15144822363853996,7.3,1.4
1992-01-01,17.68318181818182,4.96,7.03,2.0742857142857143,2.1000000000000005,4.03,0.03775246964073507,7.3,4.9
1992-02-01,17.47736842105263,5.21,7.34,2.1257894736842107,1.8900000000000006,4.06,0.12395413696931915,7.4,4.9
1992-03-01,17.520454545454545,5.69,7.54,1.8572727272727272,1.71,3.98,0.18821757952192772,7.4,4.9
1992-04-01,16.562857142857144,5.34,7.48,2.136190476190476,1.7300000000000004,3.73,0.11763936997582744,7.4,4.4
1992-05-01,15.077000000000002,5.23,7.39,2.1665,1.740000000000001,3.82,0.1229760196761528,7.6,4.4
1992-06-01,15.203181818181816,5.05,7.26,2.213636363636364,1.790000000000001,3.76,0.15617882475434233,7.8,4.4
1992-07-01,13.601818181818182,4.36,6.84,2.489090909090909,2.0,3.25,0.14896192160878602,7.7,4.0
1992-08-01,14.421904761904763,4.19,6.59,2.392857142857143,2.0600000000000005,3.3,0.11646716273050876,7.6,4.0
1992-09-01,13.696666666666667,3.89,6.42,2.520952380952381,2.1999999999999993,3.22,0.116219008264454,7.6,4.0
1992-10-01,17.63681818181818,4.08,6.59,2.5061904761904765,2.25,3.1,0.23194381805295983,7.3,4.2
1992-11-01,14.4245,4.58,6.87,2.2936842105263158,2.0900000000000007,3.09,0.15397446590107142,7.4,4.2
1992-12-01,12.191363636363635,4.67,6.77,2.096363636363636,2.040000000000001,2.92,0.07343267141939722,7.4,4.2
1993-01-01,12.409,4.39,6.6,2.21,2.0700000000000003,3.02,0.20078305391025048,7.3,0.7
1993-02-01,13.72157894736842,4.1,6.26,2.1605263157894736,2.130000000000001,3.03,0.12605042016805346,7.1,0.7
1993-03-01,13.60608695652174,3.95,5.98,2.0256521739130435,2.17,3.07,0.07291951508522981,7.0,0.7
1993-04-01,12.840952380952379,3.84,5.97,2.131904761904762,2.170000000000001,2.96,0.19031910169384164,7.1,2.3
1993-05-01,13.606,3.98,6.04,2.0585,2.170000000000001,3.0,0.1517258819066755,7.1,2.3
1993-06-01,12.524090909090908,4.16,5.96,1.799090909090909,2.1100000000000003,3.04,0.03782625141849652,7.0,2.3
1993-07-01,11.50047619047619,4.07,5.81,1.7333333333333332,2.12,3.06,0.07560007560006551,6.9,1.9
1993-08-01,11.928636363636365,4.0,5.68,1.6763636363636365,1.92,3.03,0.10831954265082158,6.8,1.9
1993-09-01,12.931428571428572,3.85,5.36,1.512857142857143,1.9799999999999995,3.09,0.07533902561526094,6.7,1.9
1993-10-01,11.875238095238094,3.87,5.33,1.4594999999999998,1.9799999999999995,2.99,0.23645320197043876,6.8,5.6
1993-11-01,14.083809523809524,4.16,5.72,1.5685,1.9400000000000004,3.02,0.14985014985014933,6.6,5.6
1993-12-01,11.356363636363637,4.21,5.77,1.5618181818181818,1.9200000000000008,2.96,0.107206670637288,6.5,5.6
1994-01-01,11.29047619047619,4.14,5.75,1.6105,1.9000000000000004,3.05,0.0,6.6,3.9
1994-02-01,13.64421052631579,4.47,5.97,1.4989473684210526,1.79,3.25,0.16404647983594867,6.6,3.9
1994-03-01,15.223478260869564,5.0,6.48,1.4873913043478262,1.6500000000000004,3.34,0.1422601582644304,6.5,3.9
1994-04-01,16.471052631578946,5.55,6.97,1.4226315789473685,1.5499999999999998,3.56,0.03884626590268273,6.4,5.5
1994-05-01,13.897142857142857,5.97,7.18,1.2152380952380952,1.4399999999999995,4.01,0.10633270321361613,6.1,5.5
1994-06-01,13.408636363636363,5.93,7.1,1.17,1.5500000000000007,4.25,0.14791987673343374,6.1,5.5
1994-07-01,12.4845,6.13,7.3,1.168,1.5000000000000009,4.26,0.19318072056409008,6.1,2.4
1994-08-01,11.889130434782608,6.18,7.24,1.058695652173913,1.5,4.47,0.21094574006797218,6.0,2.4
1994-09-01,13.233333333333333,6.39,7.46,1.0647619047619048,1.5200000000000005,4.73,0.10982306284320115,5.9,2.4
1994-10-01,15.245238095238093,6.73,7.74,1.0154999999999998,1.459999999999999,4.76,0.03653412896547485,5.8,4.7
1994-11-01,16.383809523809525,7.15,7.96,0.8065,1.3600000000000003,5.29,0.14603870025556953,5.6,4.7
1994-12-01,14.177142857142858,7.59,7.81,0.22428571428571428,1.29,5.45,0.10923655783467788,5.5,4.7
1995-01-01,12.274285714285714,7.51,7.78,0.2725,1.2999999999999998,5.53,0.13903774295396917,5.6,1.4
1995-02-01,11.47,7.11,7.47,0.35789473684210527,1.38,5.92,0.1594684385382017,5.4,1.4
1995-03-01,12.166521739130435,6.78,7.2,0.42913043478260865,1.4999999999999991,5.98,0.10372547324746723,5.4,1.4
1995-04-01,12.442631578947369,6.57,7.06,0.4947368421052632,1.54,6.05,0.22675736961452436,5.8,1.2
1995-05-01,12.265909090909092,6.17,6.63,0.46181818181818185,1.5699999999999994,6.01,0.10311050008592482,5.6,1.2
1995-06-01,11.896818181818183,5.72,6.17,0.4522727272727272,1.7300000000000004,6.0,0.10758472296933891,5.6,1.2
1995-07-01,12.514,5.78,6.28,0.49799999999999994,1.759999999999999,5.85,0.0715819613457367,5.7,3.5
1995-08-01,12.798260869565217,5.98,6.49,0.5073913043478261,1.6999999999999993,5.74,0.10256994700552925,5.7,3.5
1995-09-01,12.057,5.81,6.2,0.3915,1.7299999999999995,5.8,0.07474539848640406,5.6,3.5
1995-10-01,14.357272727272727,5.7,6.04,0.3476190476190476,1.71,5.76,0.13631329338596912,5.5,2.7
1995-11-01,12.46904761904762,5.48,5.93,0.45142857142857146,1.75,5.8,0.07106899615042214,5.6,2.7
1995-12-01,11.7485,5.32,5.71,0.387,1.7800000000000002,5.6,0.07435635282090505,5.6,2.7
1996-01-01,13.473636363636365,5.11,5.65,0.54,1.8199999999999994,5.56,0.2712094245275023,5.6,3.0
1996-02-01,15.032999999999998,5.03,5.81,0.78,1.8200000000000003,5.22,0.11081355619170706,5.5,3.0
1996-03-01,17.76238095238095,5.66,6.27,0.6076190476190476,1.7599999999999998,5.31,0.18433179723502033,5.5,3.0
1996-04-01,16.575238095238095,5.96,6.51,0.5540909090909091,1.6799999999999997,5.22,0.21046477638117056,5.6,6.8
1996-05-01,16.14636363636364,6.1,6.74,0.6418181818181817,1.5600000000000005,5.24,0.10027017240899615,5.6,6.8
1996-06-01,16.395,6.3,6.91,0.615,1.4900000000000002,5.27,0.10960906101570142,5.3,6.799999999999999
1996-07-01,17.978636363636365,6.27,6.87,0.5954545454545455,1.4799999999999995,5.4,0.09988624067035153,5.5,3.6
1996-08-01,15.760454545454547,6.03,6.64,0.6063636363636363,1.54,5.22,0.06948465547191661,5.1,3.6
1996-09-01,16.578,6.23,6.83,0.598,1.5199999999999996,5.3,0.1734906315059025,5.2,3.6
1996-10-01,16.38173913043478,5.91,6.53,0.620909090909091,1.54,5.24,0.16542141104463157,5.2,4.2
1996-11-01,15.997,5.7,6.2,0.5021052631578947,1.5899999999999999,5.31,0.18060321473721988,5.4,4.2
1996-12-01,19.260952380952382,5.78,6.3,0.5204761904761904,1.5899999999999999,5.29,0.13150324648640274,5.4,4.2
1997-01-01,19.473333333333333,6.01,6.58,0.570952380952381,1.5099999999999998,5.25,0.09837947148362039,5.3,2.6
1997-02-01,20.139473684210525,5.9,6.42,0.5210526315789474,1.5200000000000005,5.19,0.10754615522494047,5.2,2.6
1997-03-01,20.169999999999998,6.22,6.69,0.4725,1.4899999999999993,5.39,0.03415494962145357,5.2,2.6
1997-04-01,19.662272727272725,6.45,6.89,0.43727272727272726,1.4500000000000002,5.51,0.03413357606098056,5.1,6.8
1997-05-01,19.924761904761905,6.28,6.71,0.4342857142857143,1.4899999999999993,5.5,0.0,4.9,6.8
1997-06-01,20.194285714285712,6.09,6.49,0.3990476190476191,1.5299999999999994,5.56,0.10233668770253214,5.0,6.8
1997-07-01,20.529090909090908,5.89,6.22,0.32954545454545453,1.5300000000000002,5.52,0.06513597134017277,4.9,5.1
1997-08-01,23.084761904761905,5.94,6.3,0.3595238095238095,1.5200000000000005,5.54,0.1425008906305639,4.8,5.1
1997-09-01,23.812380952380952,5.88,6.21,0.32666666666666666,1.4900000000000002,5.54,0.1356852103120663,4.9,5.1
1997-10-01,23.87086956521739,5.77,6.03,0.25772727272727275,1.54,5.5,0.09709785305858763,4.7,3.5
1997-11-01,32.20611111111111,5.71,5.88,0.1622222222222222,1.54,5.52,0.07076514816452471,4.6,3.5
1997-12-01,26.276363636363637,5.72,5.81,0.09363636363636364,1.5100000000000007,5.5,0.0322658707751939,4.7,3.5
1998-01-01,23.8665,5.36,5.54,0.1875,1.6500000000000004,5.56,0.06742330598942753,4.6,4.1
1998-02-01,19.998947368421053,5.42,5.57,0.1568421052631579,1.6799999999999997,5.51,0.0,4.6,4.1
1998-03-01,20.158636363636365,5.56,5.65,0.08590909090909092,1.67,5.49,0.0,4.7,4.1
1998-04-01,22.02857142857143,5.56,5.64,0.07333333333333333,1.6900000000000004,5.45,0.06734006734006037,4.3,3.8
1998-05-01,20.874000000000002,5.59,5.65,0.059,1.6499999999999995,5.49,0.14091949973578416,4.4,3.8
1998-06-01,21.66272727272727,5.52,5.5,-0.023636363636363636,1.63,5.56,0.06709158000672036,4.5,3.8
1998-07-01,19.930000000000003,5.46,5.46,0.0031818181818181815,1.6900000000000004,5.54,0.128191432539251,4.5,5.1
1998-08-01,31.58809523809524,5.27,5.34,0.07333333333333333,1.7999999999999998,5.55,0.06684491978609602,4.5,5.1
1998-09-01,38.2047619047619,4.67,4.81,0.14047619047619048,2.2800000000000002,5.51,0.033381551129404746,4.6,5.1
1998-10-01,36.60818181818182,4.09,4.53,0.43809523809523804,2.6499999999999995,5.07,0.13344453711425786,4.5,6.6
1998-11-01,26.223000000000003,4.54,4.83,0.28736842105263155,2.51,4.83,0.06655943202617885,4.4,6.6
1998-12-01,25.479090909090907,4.51,4.65,0.13863636363636364,2.58,4.68,0.09538192512519789,4.4,6.6
1999-01-01,28.035263157894736,4.62,4.72,0.1068421052631579,2.5700000000000003,4.63,0.10427528675703053,4.3,3.8
1999-02-01,28.82263157894737,4.88,5.0,0.12263157894736842,2.3899999999999997,4.76,0.0,4.4,3.8
1999-03-01,25.309565217391306,5.05,5.23,0.17956521739130435,2.3,4.81,0.03167814999604284,4.2,3.8
1999-04-01,23.478571428571428,4.98,5.18,0.20772727272727273,2.3000000000000007,4.74,0.3640776699029079,4.3,3.4
1999-05-01,26.204500000000003,5.25,5.54,0.28500000000000003,2.1799999999999997,4.74,0.0328785138911648,4.2,3.4
1999-06-01,23.626363636363635,5.62,5.9,0.2809090909090909,2.119999999999999,4.76,0.0,4.3,3.4
1999-07-01,21.04904761904762,5.55,5.79,0.23714285714285716,2.16,4.99,0.2300109529025172,4.3,5.4
1999-08-01,24.323636363636364,5.68,5.94,0.2609090909090909,2.21,5.07,0.12519235283377916,4.2,5.4
1999-09-01,24.541428571428572,5.66,5.92,0.25333333333333335,2.2799999999999994,5.22,0.2284968173657602,4.2,5.4
1999-10-01,24.021428571428572,5.86,6.11,0.2495,2.2700000000000005,5.2,0.10216243827685696,4.1,6.700000000000001
1999-11-01,21.81809523809524,5.86,6.03,0.172,2.12,5.42,0.09734465415608104,4.1,6.7
1999-12-01,22.15909090909091,6.1,6.28,0.1709090909090909,1.9099999999999993,5.3,0.12392853454507942,4.0,6.7
2000-01-01,23.202,6.44,6.66,0.221,1.67,5.45,0.1615682895303803,4.0,1.5
2000-02-01,23.5955,6.61,6.52,-0.091,1.7699999999999996,5.73,0.23626698168930055,4.1,1.5
2000-03-01,22.718260869565217,6.53,6.26,-0.2717391304347826,2.1099999999999994,5.85,0.30690537084398867,4.0,1.5
2000-04-01,27.164210526315788,6.4,5.99,-0.4131578947368421,2.41,6.02,-0.033416875522134556,3.8,7.5
2000-05-01,26.37318181818182,6.81,6.44,-0.3690909090909091,2.46,6.27,0.09158674027526381,4.0,7.5
2000-06-01,21.54,6.48,6.1,-0.3845454545454546,2.380000000000001,6.53,0.31860662701784276,4.0,7.5
2000-07-01,19.893,6.34,6.05,-0.28500000000000003,2.3,6.54,0.1583782071586997,4.0,0.4
2000-08-01,18.088695652173914,6.23,5.83,-0.4026086956521739,2.4299999999999997,6.5,0.0,4.1,0.4
2000-09-01,19.6875,6.08,5.8,-0.28250000000000003,2.55,6.52,0.2977913805939306,3.9,0.4
2000-10-01,25.2,5.91,5.74,-0.1738095238095238,2.5999999999999996,6.51,0.09016229212583551,3.9,2.4
2000-11-01,26.38285714285714,5.88,5.72,-0.15809523809523812,2.5599999999999996,6.51,0.09409796643838998,3.9,2.4
2000-12-01,26.5305,5.35,5.24,-0.1115,2.7799999999999994,6.4,0.13121207151057643,3.9,2.4
2001-01-01,24.918571428571425,4.76,5.16,0.40095238095238095,2.7699999999999996,5.98,0.2988196623337805,4.2,-1.3
2001-02-01,23.411578947368422,4.66,5.1,0.4421052631578948,2.7700000000000005,5.49,0.13667425968109992,4.2,-1.3
2001-03-01,28.49681818181818,4.34,4.89,0.5431818181818181,2.95,5.31,0.030991735537186118,4.3,-1.3
2001-04-01,28.133999999999997,4.23,5.14,0.907,2.9300000000000006,4.8,0.0929224097878333,4.4,2.5
2001-05-01,22.944090909090907,4.26,5.39,1.1313636363636363,2.6800000000000006,4.21,0.26619343389529465,4.3,2.5
2001-06-01,20.94047619047619,4.08,5.28,1.2042857142857142,2.6899999999999995,3.97,0.12891789541534646,4.5,2.5
2001-07-01,22.316190476190474,4.04,5.24,1.1976190476190476,2.7299999999999995,3.77,-0.08808201414204885,4.6,-1.6
2001-08-01,21.86173913043478,3.76,4.97,1.2139130434782608,2.88,3.65,0.0,4.9,-1.6
2001-09-01,35.065333333333335,3.12,4.73,1.6129411764705883,3.299999999999999,3.07,0.22547914317924928,5.0,-1.6
2001-10-01,32.72130434782609,2.73,4.57,1.8409090909090908,3.34,2.49,-0.14647364694968523,5.3,1.1
2001-11-01,26.63095238095238,2.78,4.65,1.8690000000000002,3.1599999999999993,2.09,-0.030712530712531914,5.5,1.1
2001-12-01,23.72,3.11,5.09,1.9805,2.960000000000001,1.82,-0.0307298335467337,5.7,1.1
2002-01-01,22.252857142857142,3.03,5.04,2.0076190476190474,2.83,1.73,0.08823096907013936,5.7,3.4
2002-02-01,22.87578947368421,3.02,4.91,1.8963157894736842,2.9799999999999995,1.74,0.10129431626336949,5.7,3.4
2002-03-01,18.985,3.56,5.28,1.7265000000000001,2.829999999999999,1.73,0.16051364365971463,5.7,3.3999999999999995
2002-04-01,19.900454545454547,3.42,5.21,1.7881818181818183,2.8199999999999994,1.75,0.2444614209320083,5.9,2.5
2002-05-01,20.087727272727275,3.26,5.16,1.9004545454545456,2.9299999999999997,1.75,0.05819733747181033,5.8,2.5
2002-06-01,25.271,2.99,4.93,1.9335,3.0200000000000005,1.75,0.03183446080381458,5.8,2.5
2002-07-01,34.04954545454546,2.56,4.65,2.096363636363636,3.25,1.73,0.11620025176721009,5.8,1.6
2002-08-01,33.74272727272727,2.13,4.26,2.1236363636363635,3.3200000000000003,1.74,0.15151515151515096,5.7,1.6
2002-09-01,37.6475,2.0,3.87,1.8655000000000002,3.5300000000000002,1.75,0.09065726517250218,5.7,1.6
2002-10-01,35.24304347826087,1.91,3.94,2.0290909090909093,3.7900000000000005,1.75,0.11542901115812923,5.7,0.5
2002-11-01,28.175,1.92,4.05,2.125263157894737,3.5700000000000003,1.34,0.09460737937558861,5.9,0.5
2002-12-01,28.21047619047619,1.84,4.03,2.1961904761904765,3.42,1.24,0.0862378727991466,6.0,0.5
2003-01-01,27.424285714285713,1.74,4.05,2.305238095238095,3.3,1.24,0.2295881762089203,5.8,2.1
2003-02-01,32.21842105263158,1.63,3.9,2.274736842105263,3.1599999999999997,1.26,0.31294007197621354,5.9,2.1
2003-03-01,30.634285714285717,1.57,3.81,2.2333333333333334,3.14,1.25,0.08912655971479469,5.9,2.1
2003-04-01,23.99190476190476,1.62,3.96,2.336190476190476,2.8899999999999997,1.26,-0.20762271985763636,6.0,3.6
2003-05-01,20.23952380952381,1.42,3.57,2.1538095238095236,2.81,1.26,-0.08932115919015277,6.1,3.6
2003-06-01,20.362380952380953,1.23,3.33,2.107142857142857,2.8600000000000003,1.22,0.05964511158606472,6.3,3.6
2003-07-01,19.161363636363635,1.47,3.98,2.5013636363636365,2.64,1.01,0.17096858452259442,6.2,6.8
2003-08-01,19.274285714285714,1.86,4.45,2.580952380952381,2.5599999999999996,1.03,0.24885294346371925,6.1,6.799999999999999
2003-09-01,19.532380952380954,1.71,4.27,2.568095238095238,2.5200000000000005,1.01,0.1773835920177345,6.1,6.8
2003-10-01,18.023478260869567,1.75,4.29,2.5427272727272725,2.4400000000000004,1.01,-0.05637375801564049,6.0,4.7
2003-11-01,17.40105263157895,1.93,4.3,2.373333333333333,2.3600000000000003,1.0,0.030904736150816348,5.8,4.7
2003-12-01,16.826363636363638,1.91,4.27,2.3604545454545454,2.33,0.98,0.14101057579318305,5.7,4.7
2004-01-01,16.101,1.76,4.15,2.3895,2.29,1.0,0.23523646165155768,5.7,2.3
2004-02-01,15.99842105263158,1.74,4.08,2.3442105263157895,2.1899999999999995,1.01,0.12268997776242939,5.6,2.3
2004-03-01,17.687391304347827,1.58,3.83,2.248695652173913,2.2800000000000002,1.0,0.11178128129293935,5.8,2.3
2004-04-01,15.69857142857143,2.07,4.35,2.276666666666667,2.1100000000000003,1.0,0.08745930712793201,5.6,3.1
2004-05-01,17.705000000000002,2.53,4.72,2.182,2.0300000000000002,1.0,0.23285146017268943,5.6,3.1
2004-06-01,15.342727272727274,2.76,4.73,1.9704761904761903,2.05,1.03,0.20287894889382843,5.6,3.1
2004-07-01,15.502380952380953,2.64,4.5,1.8595238095238094,2.12,1.26,0.05775061360026741,5.5,3.8
2004-08-01,16.68409090909091,2.51,4.28,1.7731818181818182,2.1799999999999997,1.43,0.02759064677074811,5.4,3.8
2004-09-01,14.08095238095238,2.53,4.13,1.6004761904761904,2.1399999999999997,1.61,0.1729771285796736,5.4,3.8
2004-10-01,14.973809523809523,2.58,4.1,1.5125,2.1100000000000003,1.76,0.30106879421947547,5.5,4.1
2004-11-01,13.577619047619047,2.85,4.19,1.342,2.01,1.93,0.25728987993138025,5.4,4.1
2004-12-01,12.459545454545456,3.01,4.23,1.219090909090909,1.92,2.16,0.0,5.4,4.1
2005-01-01,13.437999999999999,3.22,4.22,0.999,1.7999999999999998,2.28,-0.028453549580306516,5.3,4.5
2005-02-01,11.708947368421052,3.38,4.17,0.7805263157894737,1.6500000000000004,2.5,0.25052192066805645,5.4,4.5
2005-03-01,13.126363636363635,3.73,4.5,0.770909090909091,1.5599999999999996,2.63,0.18982192895235867,5.2,4.5
2005-04-01,14.459047619047618,3.65,4.34,0.6871428571428572,1.71,2.79,0.17755419101871237,5.2,2.0
2005-05-01,13.967619047619047,3.64,4.14,0.5004761904761905,1.87,3.0,-0.026935422324975387,5.1,2.0
2005-06-01,11.868636363636364,3.64,4.0,0.3577272727272727,1.8600000000000003,3.04,0.02817430503380226,5.0,2.0
2005-07-01,11.049,3.87,4.18,0.3065,1.7700000000000005,3.26,0.35400840769968916,5.0,3.2
2005-08-01,12.951304347826087,4.04,4.26,0.21826086956521742,1.7000000000000002,3.5,0.3212349699957622,4.9,3.2
2005-09-01,12.628095238095238,3.95,4.2,0.2528571428571429,1.83,3.62,0.751008298178111,5.0,3.2
2005-10-01,14.937619047619048,4.27,4.46,0.1925,1.8399999999999999,3.78,0.08231205414303909,5.0,2.2
2005-11-01,12.147619047619047,4.42,4.54,0.11850000000000001,1.8499999999999996,4.0,-0.27396009314642933,5.0,2.2
2005-12-01,11.26,4.4,4.47,0.06285714285714286,1.8500000000000005,4.16,0.0,4.9,2.2
2006-01-01,12.036,4.4,4.42,0.020499999999999997,1.8200000000000003,4.29,0.3160459144481356,4.7,5.5
2006-02-01,12.471052631578948,4.67,4.57,-0.09947368421052633,1.6999999999999993,4.49,0.030105368790769305,4.8,5.5
2006-03-01,11.69391304347826,4.73,4.72,-0.009999999999999998,1.6900000000000004,4.59,0.07849635864113502,4.7,5.5
2006-04-01,11.84736842105263,4.89,4.99,0.10157894736842105,1.6899999999999995,4.79,0.2861435009657346,4.7,1.0
2006-05-01,14.454545454545455,4.97,5.11,0.14181818181818182,1.6399999999999997,4.94,0.15597582374732735,4.6,1.0
2006-06-01,16.918636363636363,5.12,5.11,-0.015454545454545453,1.67,4.99,0.13548299688389454,4.6,1.0
2006-07-01,15.325999999999999,5.12,5.09,-0.031,1.67,5.24,0.29732408325074045,4.7,0.6
2006-08-01,13.351739130434783,4.9,4.88,-0.026956521739130435,1.71,5.25,0.23142691837915416,4.7,0.6
2006-09-01,12.1845,4.77,4.72,-0.05,1.71,5.25,-0.28038693396887915,4.5,0.6
2006-10-01,11.306363636363637,4.8,4.73,-0.06666666666666668,1.6899999999999995,5.25,-0.2315410342166236,4.4,3.5
2006-11-01,10.817619047619049,4.74,4.6,-0.14523809523809525,1.6000000000000005,5.25,0.0270160745643657,4.5,3.5
2006-12-01,10.9645,4.67,4.56,-0.10900000000000001,1.6600000000000001,5.24,0.3111739745403114,4.4,3.5
2007-01-01,11.0425,4.88,4.76,-0.11666666666666667,1.58,5.25,0.08657119003276346,4.6,1.2
2007-02-01,11.155263157894737,4.85,4.72,-0.12631578947368421,1.5600000000000005,5.26,0.23270103275215615,4.5,1.2
2007-03-01,15.162727272727272,4.57,4.56,-0.009090909090909092,1.71,5.26,0.2836429873144111,4.4,1.2
2007-04-01,12.933000000000002,4.67,4.69,0.027619047619047623,1.6999999999999993,5.25,0.16367249912317872,4.5,2.5
2007-05-01,13.297727272727274,4.77,4.75,-0.02,1.6399999999999997,5.25,0.21563447043281908,4.4,2.5
2007-06-01,14.947619047619046,4.98,5.1,0.12238095238095237,1.6000000000000005,5.25,0.13238581205499145,4.6,2.5
2007-07-01,17.273333333333333,4.82,5.0,0.18523809523809526,1.6500000000000004,5.26,0.09290065294808267,4.7,2.3
2007-08-01,25.02608695652174,4.31,4.67,0.3617391304347826,1.9800000000000004,5.02,0.016084210896679614,4.6,2.3
2007-09-01,22.198947368421056,4.01,4.52,0.51,2.0700000000000003,4.94,0.24214590804371636,4.7,2.3
2007-10-01,19.115652173913045,3.97,4.53,0.56,1.9500000000000002,4.76,0.1608645825015742,4.7,2.5
2007-11-01,25.58238095238095,3.34,4.15,0.8119999999999999,2.25,4.49,0.42866641461220295,4.7,2.5
2007-12-01,21.651,3.12,4.1,0.9804999999999999,2.5500000000000007,4.24,0.1580735210035938,5.0,2.5
2008-01-01,25.816190476190474,2.48,3.74,1.2685714285714287,2.8,3.94,0.17988026488540915,5.0,-1.7
2008-02-01,25.456,1.97,3.74,1.7645,3.08,2.98,0.13816153588227362,4.9,-1.6999999999999997
2008-03-01,27.103500000000004,1.62,3.51,1.893,3.38,2.61,0.19516515306102666,5.1,-1.7
2008-04-01,21.562727272727273,2.05,3.68,1.627727272727273,3.2899999999999996,2.28,0.12623896473826576,5.0,2.4
2008-05-01,18.303333333333335,2.45,3.88,1.4342857142857142,3.05,1.98,0.3227722721791171,5.4,2.4
2008-06-01,22.11047619047619,2.77,4.1,1.3257142857142856,2.9700000000000006,2.0,0.5715400914464127,5.6,2.4
2008-07-01,24.321818181818184,2.57,4.01,1.4345454545454546,3.1500000000000004,2.01,0.3725971174706613,5.8,-2.1
2008-08-01,20.695714285714285,2.42,3.89,1.4652380952380952,3.2600000000000002,2.0,-0.08505575587432242,6.1,-2.1
2008-09-01,30.23857142857143,2.08,3.69,1.61,3.6199999999999997,1.81,0.046641364488547214,6.1,-2.1
2008-10-01,61.17739130434782,1.61,3.81,2.2018181818181817,5.07,0.97,-0.44861408164323213,6.5,-8.5
2008-11-01,62.66894736842105,1.21,3.53,2.3138888888888887,5.6800000000000015,0.39,-1.0117415476985987,6.8,-8.5
2008-12-01,52.405,0.82,2.42,1.5954545454545455,6.01,0.16,-0.4295750817079944,7.3,-8.5
2009-01-01,44.683,0.81,2.52,1.7105000000000001,5.620000000000001,0.15,0.1380420731597155,7.8,-4.5
2009-02-01,45.57052631578947,0.98,2.87,1.894736842105263,5.21,0.22,0.2081520372678471,8.3,-4.5
2009-03-01,44.79545454545455,0.93,2.82,1.8881818181818182,5.6,0.18,-0.05151040990635574,8.7,-4.5
2009-04-01,38.063809523809525,0.93,2.93,2.0,5.460000000000001,0.15,0.05493177379574716,9.0,-0.7
2009-05-01,31.977999999999998,0.93,3.29,2.3635,4.7700000000000005,0.18,0.08408536679554197,9.4,-0.7
2009-06-01,29.140454545454546,1.18,3.72,2.5377272727272726,3.78,0.21,0.45270612254303705,9.5,-0.7
2009-07-01,26.162727272727274,1.02,3.56,2.5431818181818184,3.53,0.16,-0.015546023719832477,9.5,1.4
2009-08-01,25.337142857142858,1.12,3.59,2.4719047619047623,2.99,0.16,0.18264291151598142,9.6,1.4
2009-09-01,24.92666666666667,0.96,3.4,2.4457142857142857,2.9099999999999997,0.15,0.10532112182184618,9.8,1.4
2009-10-01,24.252272727272725,0.95,3.39,2.4385714285714286,2.9,0.12,0.1637417344747518,10.0,4.4
2009-11-01,23.788999999999998,0.8,3.4,2.599473684210526,2.9200000000000004,0.12,0.18265039580550893,9.9,4.4
2009-12-01,21.239545454545453,0.87,3.59,2.7154545454545453,2.7800000000000002,0.12,0.02713963824223026,9.9,4.4
2010-01-01,20.643157894736845,0.93,3.73,2.8042105263157895,2.52,0.11,0.037070412092837,9.8,1.9
2010-02-01,22.54,0.86,3.69,2.8342105263157897,2.65,0.13,-0.057106598984772994,9.8,1.9
2010-03-01,17.767391304347825,0.96,3.73,2.7686956521739132,2.5399999999999996,0.16,0.017288772323075387,9.9,1.9
2010-04-01,17.424285714285716,1.06,3.85,2.786363636363636,2.4,0.2,0.012547665444103987,9.9,3.9
2010-05-01,31.9295,0.83,3.42,2.5895,2.63,0.2,-0.028351201978058717,9.6,3.9
2010-06-01,29.916363636363634,0.72,3.2,2.4795454545454545,3.0300000000000002,0.18,-0.022843372284208175,9.4,3.9
2010-07-01,25.565238095238094,0.62,3.01,2.394761904761905,3.0,0.18,0.10195928409179347,9.4,3.1
2010-08-01,24.74590909090909,0.52,2.7,2.178181818181818,2.96,0.19,0.07624505111476208,9.5,3.1
2010-09-01,22.517619047619046,0.48,2.65,2.1676190476190476,3.0100000000000002,0.19,0.08810451397970825,9.5,3.1
2010-10-01,20.37333333333333,0.38,2.54,2.164,3.1799999999999997,0.19,0.19896264541780745,9.4,2.1
2010-11-01,20.095714285714287,0.45,2.76,2.309,3.16,0.19,0.13820954309917094,9.8,2.1
2010-12-01,17.56954545454545,0.62,3.29,2.6727272727272724,2.8099999999999996,0.18,0.20956050505191037,9.3,2.1
2011-01-01,17.3155,0.61,3.39,2.7794999999999996,2.6999999999999997,0.17,0.1768932109292833,9.1,-0.9
2011-02-01,17.43,0.77,3.58,2.803684210526316,2.5700000000000003,0.16,0.1928684778038514,9.0,-0.9
2011-03-01,20.723478260869566,0.7,3.41,2.7169565217391307,2.62,0.14,0.26992425426958955,9.0,-0.9
2011-04-01,16.244,0.73,3.46,2.7205000000000004,2.5599999999999996,0.1,0.2682342271485259,9.1,2.7
2011-05-01,16.91142857142857,0.56,3.17,2.6133333333333333,2.6100000000000003,0.09,0.16600250788735718,9.0,2.7
2011-06-01,19.153181818181817,0.41,3.0,2.591818181818182,2.75,0.09,0.0,9.1,2.7
2011-07-01,19.2275,0.41,3.0,2.5965,2.76,0.07,0.1497163903861168,9.0,-0.1
2011-08-01,35.02913043478261,0.23,2.3,2.072608695652174,3.0600000000000005,0.1,0.1645806347696761,9.0,-0.1
2011-09-01,36.53,0.21,1.98,1.7638095238095237,3.2899999999999996,0.08,0.11844806498642058,9.0,-0.1
2011-10-01,32.829047619047614,0.28,2.15,1.8715,3.22,0.07,0.03682950147378153,8.8,4.6
2011-11-01,31.94190476190476,0.25,2.01,1.7600000000000002,3.13,0.08,0.1007918211887393,8.6,4.6
2011-12-01,25.047619047619047,0.26,1.98,1.720952380952381,3.27,0.07,0.012965917644807751,8.5,4.6
2012-01-01,20.228,0.24,1.97,1.7260000000000002,3.2600000000000007,0.08,0.14213196803982697,8.3,3.4
2012-02-01,18.4205,0.28,1.97,1.6895,3.17,0.1,0.12213977856835154,8.3,3.3999999999999995
2012-03-01,16.167272727272728,0.34,2.17,1.8281818181818181,3.0600000000000005,0.13,0.1141892938379579,8.2,3.4
2012-04-01,17.823,0.29,2.05,1.7609523809523808,3.1400000000000006,0.14,0.09058845545491775,8.2,1.8
2012-05-01,21.001818181818184,0.29,1.8,1.518181818181818,3.2700000000000005,0.16,-0.10790505038509988,8.2,1.8
2012-06-01,21.13095238095238,0.29,1.62,1.3304761904761906,3.3999999999999995,0.16,-0.047220752646324825,8.2,1.8000000000000003
2012-07-01,17.565238095238094,0.25,1.53,1.2785714285714287,3.34,0.16,0.015068344072696627,8.2,0.6
2012-08-01,15.689565217391305,0.27,1.68,1.4095652173913045,3.2300000000000004,0.13,0.3031058074357503,8.1,0.6
2012-09-01,15.284736842105264,0.26,1.72,1.4678947368421054,3.12,0.14,0.2726437872881325,7.8,0.6
2012-10-01,16.276190476190475,0.28,1.75,1.469047619047619,2.83,0.16,0.14070232593592635,7.8,0.5
2012-11-01,16.701904761904764,0.27,1.65,1.386,2.86,0.16,-0.09160060878690751,7.7,0.5
2012-12-01,17.307,0.26,1.72,1.462,2.91,0.16,-0.006604451164208976,7.9,0.5
2013-01-01,13.505238095238095,0.27,1.91,1.6495238095238096,2.8200000000000003,0.14,0.10334551002682377,8.0,4.0
2013-02-01,14.072631578947368,0.27,1.98,1.7168421052631577,2.8699999999999997,0.15,0.325795605126058,7.7,4.0
2013-03-01,13.0315,0.26,1.96,1.7015,2.8899999999999997,0.14,-0.16068109157656757,7.5,4.0
2013-04-01,13.967272727272727,0.23,1.76,1.526818181818182,2.83,0.15,-0.11388977817715741,7.6,1.1
2013-05-01,13.493636363636364,0.25,1.93,1.6777272727272725,2.8000000000000007,0.11,0.021608112495737377,7.5,1.1
2013-06-01,17.2715,0.33,2.3,1.9665,2.8900000000000006,0.09,0.13602332602906028,7.5,1.1
2013-07-01,13.974545454545455,0.34,2.58,2.2413636363636367,2.74,0.09,0.10212794611535676,7.3,3.5
2013-08-01,14.21,0.36,2.74,2.380909090909091,2.6799999999999997,0.08,0.1302158554197968,7.2,3.5
2013-09-01,14.692000000000002,0.4,2.81,2.4055,2.6599999999999997,0.08,0.020560619560009128,7.2,3.5
2013-10-01,15.407826086956522,0.34,2.62,2.2804545454545457,2.6899999999999995,0.09,0.02792509818465089,7.2,3.5
2013-11-01,12.924000000000001,0.3,2.72,2.4147368421052633,2.6599999999999997,0.08,0.10539939584870746,6.9,3.5
2013-12-01,14.192380952380953,0.34,2.9,2.5619047619047617,2.48,0.09,0.13795665174674684,6.7,3.5
2014-01-01,14.24095238095238,0.39,2.86,2.4642857142857144,2.3300000000000005,0.07,0.12647871080627945,6.6,-1.4
2014-02-01,15.47,0.33,2.71,2.382631578947368,2.3899999999999997,0.07,0.06290163544252333,6.7,-1.4
2014-03-01,14.836666666666666,0.4,2.72,2.3242857142857143,2.3399999999999994,0.08,0.11138483460355418,6.7,-1.4
2014-04-01,14.19809523809524,0.42,2.71,2.288095238095238,2.1900000000000004,0.09,0.10168285118714189,6.2,5.3
2014-05-01,12.475238095238096,0.39,2.56,2.17,2.1999999999999997,0.09,0.10380032201166517,6.3,5.3
2014-06-01,11.541428571428572,0.45,2.6,2.146190476190476,2.1999999999999997,0.1,0.07206175669526002,6.1,5.3
2014-07-01,12.296363636363635,0.51,2.54,2.0359090909090907,2.1900000000000004,0.09,0.05872097146919014,6.2,5.0
2014-08-01,13.491904761904761,0.47,2.42,1.9476190476190476,2.2700000000000005,0.09,-0.00914293413598293,6.1,5.0
2014-09-01,13.466666666666667,0.57,2.53,1.9676190476190476,2.27,0.09,0.0039049638982259116,5.9,5.0
2014-10-01,18.058695652173913,0.45,2.3,1.8586363636363636,2.3900000000000006,0.09,-0.010325942777801638,5.7,2.0
2014-11-01,13.413157894736841,0.53,2.33,1.7983333333333331,2.46,0.09,-0.10758058014091228,5.8,2.0
2014-12-01,16.292272727272728,0.64,2.21,1.5718181818181818,2.5300000000000002,0.12,-0.1609361449335255,5.6,2.0
2015-01-01,19.1195,0.55,1.88,1.33,2.5700000000000003,0.11,-0.34747180591448484,5.7,3.6
2015-02-01,15.90421052631579,0.62,1.98,1.3563157894736841,2.53,0.11,0.14483678172670775,5.5,3.6000000000000005
2015-03-01,14.812727272727273,0.64,2.04,1.4022727272727273,2.5,0.11,0.14055400595543177,5.4,3.6
2015-04-01,13.494761904761905,0.54,1.94,1.395,2.5400000000000005,0.12,0.05686248524503299,5.4,2.5
2015-05-01,13.3385,0.61,2.2,1.5885,2.6899999999999995,0.12,0.18844259092839014,5.6,2.5
2015-06-01,14.339545454545457,0.69,2.36,1.675,2.77,0.13,0.15097749875240363,5.3,2.5
2015-07-01,14.352727272727272,0.67,2.32,1.656818181818182,2.8800000000000003,0.13,0.08276451027064206,5.2,1.6
2015-08-01,19.42809523809524,0.7,2.17,1.4695238095238095,3.0200000000000005,0.14,-0.000229149846431298,5.1,1.6
2015-09-01,24.377142857142857,0.71,2.17,1.4595238095238094,3.17,0.14,-0.12259568287514137,5.0,1.6
2015-10-01,16.789545454545454,0.64,2.07,1.4252380952380952,3.27,0.12,0.05397174636494675,5.0,0.7
2015-11-01,16.21,0.88,2.26,1.378421052631579,3.2,0.12,0.06516095405732049,5.1,0.7
2015-12-01,18.025454545454547,0.98,2.24,1.26,3.2199999999999998,0.24,-0.05611583096640299,5.0,0.7
2016-01-01,23.717894736842105,0.9,2.09,1.1857894736842105,3.3600000000000003,0.34,-0.02619677503279405,4.8,2.3
2016-02-01,22.517,0.73,1.78,1.046,3.5599999999999996,0.38,-0.07598144706184584,4.9,2.3
2016-03-01,15.84909090909091,0.88,1.89,1.014090909090909,3.24,0.36,0.1635545863431871,5.0,2.3
2016-04-01,14.300476190476191,0.77,1.81,1.0371428571428571,2.98,0.37,0.21889400921658111,5.1,1.3
2016-05-01,14.852857142857141,0.82,1.81,0.99,2.8699999999999997,0.37,0.12334413231223568,4.8,1.3
2016-06-01,17.774545454545457,0.73,1.64,0.9127272727272728,2.8900000000000006,0.38,0.15141585206330194,4.9,1.3
2016-07-01,13.1585,0.67,1.5,0.8314999999999999,2.7199999999999998,0.39,-0.02878289962736805,4.8,2.9
2016-08-01,12.399565217391304,0.74,1.56,0.8191304347826087,2.68,0.4,0.09648113665208814,4.9,2.9
2016-09-01,14.21952380952381,0.77,1.63,0.8595238095238096,2.6799999999999997,0.4,0.14308417060501133,5.0,2.9
2016-10-01,14.585238095238097,0.84,1.76,0.9215,2.62,0.4,0.12778295443237508,4.9,2.2
2016-11-01,15.236190476190476,0.98,2.14,1.1625,2.57,0.41,0.06430623909661003,4.7,2.2
2016-12-01,12.472380952380954,1.2,2.49,1.2952380952380953,2.34,0.54,0.13770120866051935,4.7,2.2
2017-01-01,11.6085,1.21,2.43,1.226,2.23,0.65,0.2109431319034241,4.7,2.0
2017-02-01,11.530526315789475,1.2,2.42,1.2178947368421054,2.2199999999999998,0.66,0.09555944142058515,4.6,2.0
2017-03-01,11.89782608695652,1.31,2.48,1.168695652173913,2.1999999999999997,0.79,-0.02437573701858351,4.4,2.0
2017-04-01,13.136315789473684,1.24,2.3,1.0563157894736843,2.2700000000000005,0.9,0.07052301838518714,4.4,2.3
2017-05-01,10.862272727272726,1.3,2.3,1.0018181818181817,2.25,0.91,-0.04038145878554575,4.4,2.3
2017-06-01,10.513636363636364,1.34,2.19,0.8445454545454546,2.18,1.04,0.035543381554102964,4.3,2.3
2017-07-01,10.2645,1.37,2.32,0.9455,2.07,1.15,0.017871816629206286,4.3,3.2
2017-08-01,11.975652173913044,1.34,2.21,0.8739130434782609,2.0999999999999996,1.16,0.20079788678025298,4.4,3.2
2017-09-01,10.437999999999999,1.38,2.2,0.8175000000000001,2.0999999999999996,1.15,0.291793709771301,4.3,3.2
2017-10-01,10.125454545454545,1.55,2.36,0.8104761904761905,1.9600000000000004,1.15,0.04043750843550474,4.2,4.6
2017-11-01,10.54047619047619,1.7,2.35,0.6566666666666666,1.9199999999999995,1.16,0.1455276779046373,4.2,4.6
2017-12-01,10.2645,1.84,2.4,0.5585,1.8199999999999998,1.3,0.12039367112886319,4.1,4.6
2018-01-01,11.062380952380952,2.03,2.58,0.5519047619047619,1.6799999999999997,1.41,0.22191361896581982,4.0,3.3
2018-02-01,22.464736842105264,2.18,2.86,0.6836842105263158,1.65,1.42,0.16153725603654134,4.1,3.3
2018-03-01,19.023809523809526,2.28,2.84,0.5666666666666667,1.7999999999999998,1.51,0.010492495133564782,4.0,3.3
2018-04-01,18.267619047619046,2.38,2.87,0.4847619047619047,1.7999999999999998,1.69,0.14205854487610833,4.0,2.1
2018-05-01,14.124545454545455,2.51,2.98,0.4659090909090909,1.85,1.7,0.11780607556164584,3.8,2.1
2018-06-01,13.678095238095239,2.53,2.91,0.379047619047619,1.92,1.82,0.051494009833990315,4.0,2.1
2018-07-01,13.147619047619049,2.61,2.89,0.28238095238095234,1.9,1.91,0.04073846081365349,3.8,2.5
2018-08-01,12.54695652173913,2.64,2.89,0.2534782608695652,1.8799999999999994,1.91,0.09325151845248962,3.8,2.5
2018-09-01,12.910526315789474,2.77,3.0,0.23631578947368423,1.88,1.95,0.11784466869242394,3.7,2.5
2018-10-01,19.35217391304348,2.86,3.15,0.2913636363636364,1.9200000000000004,2.19,0.1220650510173263,3.8,0.6
2018-11-01,19.38904761904762,2.86,3.12,0.258,2.0999999999999996,2.2,-0.038410468363154156,3.8,0.6
2018-12-01,24.953157894736844,2.68,2.83,0.1563157894736842,2.3,2.27,0.037357829704436955,3.9,0.6
2019-01-01,19.57238095238095,2.54,2.71,0.17047619047619048,2.41,2.4,-0.04252068540179474,4.0,2.5
2019-02-01,15.234736842105262,2.5,2.68,0.17210526315789473,2.27,2.4,0.18007530853931808,3.8,2.5
2019-03-01,14.485238095238095,2.41,2.57,0.16142857142857142,2.27,2.41,0.21610245241318843,3.8,2.5
2019-04-01,12.949047619047619,2.34,2.53,0.18761904761904763,2.1700000000000004,2.42,0.205073422076926,3.7,3.4
2019-05-01,16.721818181818183,2.21,2.4,0.18863636363636366,2.23,2.39,0.012878258382492439,3.6,3.4
2019-06-01,15.836000000000002,1.81,2.07,0.26,2.39,2.38,-0.01857787487017529,3.6,3.3999999999999995
2019-07-01,13.305909090909092,1.84,2.06,0.2240909090909091,2.22,2.4,0.12041093040953615,3.7,4.8
2019-08-01,18.97909090909091,1.57,1.63,0.055,2.24,2.13,0.049896546405570064,3.6,4.8
2019-09-01,15.559000000000001,1.65,1.7,0.051500000000000004,2.21,2.04,0.08393705998730057,3.5,4.8
2019-10-01,15.466521739130435,1.55,1.71,0.15545454545454546,2.21,1.83,0.14751038083110093,3.6,2.8
2019-11-01,12.5235,1.61,1.81,0.19947368421052633,2.13,1.55,0.16088129171679202,3.6,2.8
2019-12-01,13.756666666666666,1.61,1.86,0.24952380952380954,2.0199999999999996,1.55,0.15194183588291735,3.6,2.8
2020-01-01,13.94095238095238,1.52,1.76,0.23857142857142857,2.01,1.55,0.10026073843950649,3.6,-5.5
2020-02-01,19.628947368421052,1.33,1.5,0.1731578947368421,2.11,1.58,0.02712404121751888,3.5,-5.5
2020-03-01,57.73681818181819,0.45,0.87,0.42181818181818187,3.42,0.65,-0.2362668231939912,4.4,-5.5
2020-04-01,41.453809523809525,0.22,0.66,0.43285714285714283,3.4699999999999998,0.05,-0.4320080483691308,14.8,-28.1
2020-05-01,30.897000000000002,0.17,0.67,0.5035000000000001,3.2800000000000002,0.05,-0.05133286910564218,13.2,-28.1
2020-06-01,31.119545454545456,0.19,0.73,0.5436363636363637,2.91,0.08,0.2644090493286369,11.0,-28.1
2020-07-01,26.840454545454545,0.15,0.62,0.4754545454545455,2.69,0.09,0.2659013938848825,10.2,35.2
2020-08-01,22.88952380952381,0.14,0.65,0.5104761904761905,2.62,0.1,0.2035278154681176,8.4,35.2
2020-09-01,27.64761904761905,0.13,0.68,0.5447619047619048,2.6799999999999997,0.09,0.14324397470829486,7.8,35.2
2020-10-01,29.438636363636363,0.15,0.79,0.6376190476190476,2.65,0.09,0.0675532270127611,6.9,4.4
2020-11-01,24.9955,0.17,0.87,0.7042105263157895,2.4299999999999997,0.09,0.1240436122254198,6.7,4.4
2020-12-01,22.37409090909091,0.14,0.93,0.7977272727272727,2.23,0.09,0.2267639823208125,6.7,4.4
2021-01-01,24.91,0.13,1.08,0.9500000000000001,2.16,0.09,0.12953064222883828,6.4,5.6
2021-02-01,23.140526315789476,0.12,1.26,1.1426315789473684,2.16,0.08,0.21337272834574428,6.2,5.6
2021-03-01,21.84304347826087,0.15,1.61,1.463913043478261,2.13,0.07,0.25218654876407104,6.1,5.6
2021-04-01,17.416190476190476,0.16,1.64,1.471818181818182,1.9600000000000002,0.07,0.36618054265979166,6.1,6.4
2021-05-01,19.7605,0.16,1.62,1.466,2.0,0.06,0.36394322976601823,5.8,6.4
2021-06-01,16.956818181818182,0.2,1.52,1.3163636363636364,1.92,0.08,0.46862870218706426,5.9,6.4
2021-07-01,17.603333333333335,0.22,1.32,1.099047619047619,1.9200000000000002,0.1,0.25287039804420064,5.4,3.5
2021-08-01,17.472727272727273,0.22,1.28,1.0659090909090911,1.9600000000000002,0.09,0.15097850666526932,5.1,3.5
2021-09-01,19.824761904761903,0.24,1.37,1.1338095238095238,1.8599999999999999,0.08,0.2379784232896269,4.7,3.5
2021-10-01,17.871428571428574,0.39,1.58,1.19,1.77,0.08,0.5394259681663627,4.5,7.4
2021-11-01,18.50047619047619,0.51,1.56,1.0515,1.7199999999999998,0.08,0.4528885452336267,4.2,7.4
2021-12-01,21.354545454545455,0.68,1.47,0.785,1.8299999999999998,0.08,0.370874442846286,3.9,7.4
2022-01-01,23.181,0.98,1.76,0.7835,1.82,0.08,0.3372111318522714,4.0,-1.0
2022-02-01,25.748421052631578,1.44,1.93,0.49894736842105264,2.04,0.08,0.4211055347523507,3.8,-1.0
2022-03-01,26.968695652173913,1.91,2.13,0.21826086956521737,2.16,0.2,0.5394803696473561,3.7,-1.0
2022-04-01,24.3735,2.54,2.75,0.20950000000000002,1.9100000000000001,0.33,0.22164034728955023,3.7,0.3
2022-05-01,29.313636363636363,2.62,2.9,0.2814285714285714,2.22,0.77,0.49121747627755635,3.6,0.3
2022-06-01,28.23318181818182,3.0,3.14,0.14523809523809525,2.1299999999999994,1.21,0.7064905818420332,3.6,0.3
2022-07-01,24.995238095238093,3.04,2.9,-0.13999999999999999,2.31,1.68,-0.02556276821541153,3.5,2.7
2022-08-01,22.169565217391302,3.25,2.9,-0.3521739130434782,2.2500000000000004,2.33,0.03927106766003472,3.6,2.7
2022-09-01,27.34181818181818,3.86,3.52,-0.3376190476190476,2.1700000000000004,2.56,0.2326611395529527,3.5,2.7
2022-10-01,30.005714285714287,4.38,3.98,-0.3915,2.28,3.08,0.28669297445800673,3.6,3.4
2022-11-01,23.29909090909091,4.5,3.89,-0.6125,2.18,3.78,0.13344442515626345,3.6,3.4
2022-12-01,21.784285714285716,4.29,3.62,-0.6723809523809524,1.9699999999999998,4.1,0.018260459895757076,3.5,3.4
2023-01-01,20.16904761904762,4.21,3.53,-0.6759999999999999,1.9700000000000002,4.33,0.2877520303862515,3.5,2.8
2023-02-01,20.1205,4.53,3.75,-0.7868421052631579,1.8399999999999999,4.57,0.20369039060628147,3.6,2.8
2023-03-01,21.644347826086957,4.3,3.66,-0.6395652173913043,2.05,4.65,0.028901283943857815,3.5,2.8
2023-04-01,17.817894736842106,4.02,3.46,-0.5559999999999999,2.0700000000000003,4.83,0.23016801791711267,3.4,2.4
2023-05-01,17.63608695652174,4.13,3.57,-0.5581818181818181,2.1999999999999997,5.06,0.07890051500673832,3.6,2.4
2023-06-01,14.003181818181817,4.64,3.75,-0.8914285714285713,2.0,5.08,0.14080724692760296,3.6,2.4
2023-07-01,13.932380952380951,4.83,3.9,-0.9289999999999999,1.8400000000000003,5.12,0.09255359124974741,3.5,4.4
2023-08-01,15.85391304347826,4.9,4.17,-0.7339130434782608,1.8499999999999996,5.33,0.26085671935136845,3.7,4.4
2023-09-01,15.173333333333332,5.02,4.38,-0.643,1.7800000000000002,5.33,0.2307082800193808,3.8,4.4
2023-10-01,18.887727272727272,5.07,4.8,-0.26952380952380955,1.83,5.33,0.047357687179563054,3.9,3.2
2023-11-01,14.01909090909091,4.88,4.5,-0.3795238095238095,1.79,5.33,0.0769461935125847,3.7,3.2
2023-12-01,12.7185,4.46,4.02,-0.437,1.62,5.33,0.12018868510704296,3.8,3.2
2024-01-01,13.388636363636364,4.32,4.06,-0.2647619047619048,1.62,5.33,0.1789631039987049,3.7,1.6
2024-02-01,13.980476190476189,4.54,4.21,-0.3365,1.5599999999999996,5.33,0.2265099665307524,3.9,1.6
2024-03-01,13.7875,4.59,4.21,-0.3795,1.54,5.33,0.19934281176252305,3.9,1.6
2024-04-01,16.137727272727275,4.87,4.54,-0.33409090909090905,1.46,5.33,0.15886160253316783,3.9,3.0
2024-05-01,13.058695652173913,4.86,4.48,-0.3740909090909091,1.4699999999999998,5.33,0.020668480899983136,4.0,3.0
2024-06-01,12.667,4.74,4.31,-0.431578947368421,1.5100000000000007,5.33,-0.0016423507513772609,4.1,3.0
2024-07-01,14.373913043478263,4.5,4.25,-0.24727272727272728,1.5899999999999999,5.33,0.0724797358738403,4.2,3.1
2024-08-01,19.312272727272727,3.97,3.87,-0.09454545454545454,1.7299999999999995,5.33,0.09828291912446749,4.2,3.1
2024-09-01,17.663333333333334,3.62,3.72,0.101,1.6999999999999997,5.13,0.1250202217314725,4.1,3.1
2024-10-01,19.960869565217394,3.97,4.1,0.12318181818181818,1.5300000000000002,4.83,0.11815112545299501,4.1,2.4
2024-11-01,16.015238095238097,4.26,4.36,0.09842105263157895,1.42,4.64,0.16025728084137572,4.2,2.4
2024-12-01,15.866190476190477,4.23,4.39,0.1657142857142857,1.4100000000000001,4.48,0.19026350423661545,4.1,2.4
2025-01-01,16.763636363636365,4.27,4.63,0.35714285714285715,1.4500000000000002,4.33,0.24361833182772138,4.0,-0.5
2025-02-01,16.968,4.21,4.45,0.24105263157894738,1.4699999999999998,4.33,0.12338814166533549,4.1,-0.5
2025-03-01,21.841428571428573,3.97,4.28,0.31047619047619046,1.6499999999999995,4.33,-0.02729191690179186,4.2,-0.5
2025-04-01,31.966190476190473,3.78,4.28,0.5014285714285714,1.8999999999999995,4.33,0.12048586865163796,4.2,3.0
2025-05-01,20.46227272727273,3.92,4.42,0.5038095238095238,1.87,4.33,0.04410348596335984,4.2,3.0
