Date,Mkt-RF,SMB,HML,RMW,CMA,RF,Mom,PC1,PC2,PC3,PC4,Regime,LaggedRegime
1990-02-28,1.11,1.15,0.65,-0.04,-0.61,0.57,-0.51,3.720975534234392,1.4700797392841718,0.8284277058784009,0.8272962119970112,0,1
1990-03-31,1.83,1.59,-2.9,1.99,-0.94,0.64,1.72,3.9990442214729667,1.2145903669376412,0.893331621515764,0.7497417318905767,0,0
1990-04-30,-3.36,-0.35,-2.57,1.78,-1.0,0.69,2.28,3.8155195990698405,1.9169420241828325,0.7489478649485953,0.03059015967867471,0,0
1990-05-31,8.44,-2.41,-3.89,1.68,-1.63,0.68,3.14,3.7126577425944705,1.8225873584987151,0.7910976934245998,-0.4021838333351196,0,0
1990-06-30,-1.09,1.31,-2.0,-0.99,-0.39,0.63,2.49,3.895296029676056,1.0538640874421634,1.0633410561115286,1.143510249817656,0,0
1990-07-31,-1.9,-3.15,-0.06,-0.1,3.21,0.68,6.04,3.5353051988950925,1.5376207965894286,1.0047897345037742,0.5546048136379856,0,0
1990-08-31,-10.13,-3.79,1.56,-0.48,2.99,0.66,1.97,3.3830938188128834,1.8259657783121819,1.3257880051636133,2.2525292294811545,0,0
1990-09-30,-6.11,-3.72,0.59,0.03,3.62,0.6,5.71,3.2253819552403784,2.103346031290983,1.3861086034263521,2.0385194681531367,0,0
1990-10-31,-1.91,-5.06,0.08,3.17,-0.25,0.68,6.74,2.8327708766968054,2.667619831004386,1.0857646969080732,1.9204230920774583,0,0
1990-11-30,6.35,0.02,-2.97,0.58,-4.71,0.57,-5.36,2.3926466175219248,2.8476524853344696,0.8589824454820991,0.34301749722666863,0,0
1990-12-31,2.48,0.6,-1.57,2.66,-1.98,0.6,0.25,2.2196898679225088,2.4655405299170527,0.9236402193486242,0.756975450907106,0,0
1991-01-31,4.69,3.87,-1.48,1.34,-4.07,0.52,-6.47,1.939651217580917,2.564255292715294,0.9896897175757491,0.934366352016265,0,0
1991-02-28,7.21,4.02,-0.62,-0.06,-0.34,0.48,-4.94,1.7435144237424518,2.29874061131976,0.9960704174803581,-0.3396776679536102,0,0
1991-03-31,2.67,3.81,-1.3,-0.52,-0.99,0.44,2.71,1.955039833802829,2.1013679392214155,1.2464810892161224,-0.9062445274693334,0,0
1991-04-30,-0.29,0.35,1.49,0.67,0.81,0.53,-2.32,2.1478874542627624,1.1882586433749573,1.635864296544741,-0.23398805483491572,1,0
1991-05-31,3.66,0.14,-0.52,2.07,-2.36,0.47,-0.09,2.126353886970952,0.943122580689576,1.9472122184070726,0.10929592159051055,1,1
1991-06-30,-4.94,0.3,1.08,1.75,0.68,0.42,0.42,2.242494059449267,1.041115537916278,2.0100114230762776,-0.05569699064921886,1,1
1991-07-31,4.24,-1.0,-1.3,1.6,-1.44,0.49,4.26,2.137480630792095,1.3319515760136327,1.8169998203005044,-0.6041595971567738,1,1
1991-08-31,2.32,1.42,-0.79,0.85,-0.32,0.46,1.58,1.9227312287452212,0.9518430552535281,1.9531076032604553,-0.18564287422186518,1,1
1991-09-30,-1.59,1.58,-1.23,-1.77,-0.04,0.46,1.75,1.690786525015286,0.9927097324834762,1.820944306917863,-0.0813566908313383,1,1
1991-10-31,1.29,0.85,-0.43,-1.65,-0.3,0.42,3.18,1.3565923670478712,1.1776054240421088,1.7608934777139411,-0.5903026233196936,1,1
1991-11-30,-4.2,-0.88,-1.77,1.1,-0.12,0.39,1.18,1.1885388871099292,0.8129992724490053,2.045141311693643,0.5072391076434573,1,1
1991-12-31,10.86,-2.41,-4.23,3.67,-3.14,0.38,8.29,0.6272335201605586,1.0100751793329483,1.9807260336855026,-0.011527996632117623,1,1
1992-01-31,-0.59,9.19,4.67,-1.17,3.25,0.34,-2.5,0.5483534812260578,0.7749291072736179,1.9796946157631874,-0.7282097462002955,1,1
1992-02-29,1.09,1.3,6.51,0.07,2.25,0.28,-0.7,0.8319236894109001,0.5747130595856773,2.289263052680358,-0.30409860912588127,1,1
1992-03-31,-2.66,-0.89,3.49,-0.06,1.82,0.34,-0.21,1.215342250266689,0.4296011751575477,2.314086078726006,0.03746491992279276,1,1
1992-04-30,1.09,-5.75,4.36,1.65,2.4,0.32,-2.55,0.9101285464864259,0.5085001050389685,2.358038497670425,-0.44854472294439246,1,1
1992-05-31,0.3,0.2,1.11,-0.91,0.49,0.28,0.06,0.8765007441362523,0.39652122526258654,2.47106218488663,-0.5065725809706298,1,1
1992-06-30,-2.33,-2.76,3.24,-0.06,0.95,0.32,-0.57,0.751486280433664,0.3216175829019993,2.559167974146857,-0.2964230392945245,1,1
1992-07-31,3.78,-0.65,-0.51,1.24,-0.97,0.31,1.47,0.24956909259603705,0.1353926231957733,2.547563753735232,-0.3965691626538594,1,1
1992-08-31,-2.38,-0.39,-1.09,3.66,-1.64,0.26,-0.47,0.14761991927991022,0.22107099786040715,2.3085832780816453,-0.5102007259414021,1,1
1992-09-30,1.19,0.47,-0.19,1.61,-0.68,0.26,1.44,-0.07122968982324769,0.15801479094716023,2.3312941066494006,-0.5236203478639881,1,1
1992-10-31,1.02,2.09,-1.98,1.19,-0.91,0.23,2.5,0.02850344808641045,0.1864069668714217,2.303963018332809,0.40496150870376735,1,1
1992-11-30,4.14,3.88,-1.52,-0.54,-1.58,0.23,-0.25,0.3351307775053394,0.17737046717648688,2.320810412659934,-0.27711402013670544,1,1
1992-12-31,1.53,1.65,2.64,-0.52,0.83,0.28,4.33,0.3802563067601631,0.14608822426892457,2.14985327013675,-0.8835699827219106,1,1
1993-01-31,0.93,1.94,5.9,-1.9,2.94,0.23,4.85,0.3028073395182273,0.17714344093966164,2.1596234956843903,-0.13501368847258063,1,1
1993-02-28,0.12,-3.37,6.48,-0.47,4.15,0.22,3.18,0.0993184807334521,0.3507396301145531,1.813962472363287,-0.4672249129969836,1,1
1993-03-31,2.32,0.09,1.26,-0.22,0.82,0.25,3.7,0.02216465351741561,0.4023591780254318,1.5508131729496617,-0.760487916760063,1,1
1993-04-30,-3.05,-0.81,2.55,-3.69,1.38,0.24,0.36,0.08755007950226949,-0.09515633624439553,1.8912396822635016,-0.12625542400670425,1,1
1993-05-31,2.89,1.94,-3.46,-0.14,-1.03,0.22,0.21,0.10949415519932036,0.07930941746264654,1.7916832333404193,-0.30031421630582916,1,1
1993-06-30,0.3,0.12,2.64,-0.91,1.16,0.25,4.57,0.2049810722982164,0.22867421037135274,1.4794612428052838,-1.0273843852934526,1,1
1993-07-31,-0.34,0.96,2.87,-1.84,2.05,0.24,3.22,0.25063761866727763,0.06561313864210386,1.4364680781114498,-0.8606328780822606,1,1
1993-08-31,3.72,0.08,0.18,-1.52,0.04,0.25,2.54,0.379317062398355,-0.11108288950196013,1.3993092576577553,-0.6962856538715437,1,1
1993-09-30,-0.12,3.02,-0.24,0.25,-0.19,0.26,3.39,0.29093603823839576,-0.022340935806118532,1.0981356814869037,-0.7967322110471615,1,1
1993-10-31,1.41,1.86,-2.78,0.61,0.56,0.22,-2.67,0.5403619424662085,-0.8439760691855918,1.4981111485038539,0.09237034666336157,1,1
1993-11-30,-1.87,-1.31,-0.78,2.19,-1.03,0.25,-4.77,0.5588095655147155,-0.41371625501311315,1.417383884310338,-0.29795339425964745,1,1
1993-12-31,1.65,1.35,0.25,1.14,-0.35,0.23,2.33,0.6219328935088512,-0.5233891438753964,1.4271300503037856,-0.7156662615469161,1,1
1994-01-31,2.87,-0.05,1.1,-1.54,1.39,0.25,0.11,0.4547934034018233,-0.11078870999212277,1.2703503618385172,-1.359046244519045,1,1
1994-02-28,-2.55,2.62,-1.52,2.08,-0.94,0.21,-0.34,0.8081332481584047,-0.26470363501422756,1.4422140096676341,-0.28418034802722386,1,1
1994-03-31,-4.79,-1.03,1.67,0.65,1.39,0.27,-1.32,1.0712582656811476,-0.006784268641680856,1.4891328666971422,-0.3561642588062377,1,1
1994-04-30,0.68,-1.0,1.66,1.05,1.14,0.27,0.33,1.3251479774696482,0.28153605999814757,1.4558691825183643,-0.9023322684080421,1,1
1994-05-31,0.58,-2.49,0.6,0.64,0.6,0.32,-2.05,1.857267553030681,-0.0024840484620152078,1.5034916998040935,-0.6740302097183322,1,1
1994-06-30,-3.04,-0.52,1.77,1.05,1.5,0.31,-0.9,1.8878345837726067,-0.0785329025904868,1.5143827640843388,-0.4232491748816714,1,1
1994-07-31,2.82,-1.87,0.61,-0.66,0.1,0.28,0.11,1.988730016938524,0.10329955366858913,1.5477530159466872,-0.23996592822437127,1,1
1994-08-31,4.02,1.44,-2.55,0.98,-1.52,0.37,1.54,2.118977227312993,0.02541273941054344,1.4841884660072986,-0.16111381036508352,1,1
1994-09-30,-2.28,2.71,-1.81,0.56,1.06,0.37,1.32,2.1284728806893956,0.44552830798420595,1.3313158148092779,-0.6616467762297881,1,1
1994-10-31,1.35,-2.22,-1.66,0.18,-0.73,0.38,1.31,2.2622442425511777,0.5826351266908136,1.284528883401174,-0.9745631448926159,1,1
1994-11-30,-4.03,0.09,-0.73,0.48,-0.53,0.37,-0.12,2.741343494353778,0.4949135240578678,1.3023191451648992,-0.2754562107133024,1,1
1994-12-31,0.86,-0.05,-0.09,0.4,0.36,0.44,3.45,3.1289986223024258,0.4050304206074532,0.9392170380911686,-0.600295890181294,1,1
1995-01-31,1.8,-3.07,2.59,0.15,-0.65,0.42,-1.84,3.0767394990821733,0.5428066265269059,0.9618536684248793,-0.5518524901251237,1,1
1995-02-28,3.63,-0.49,0.99,0.61,-0.4,0.4,-0.47,3.0100328438730988,0.39607194947629765,0.9021680450283458,-0.4555906888314275,1,1
1995-03-31,2.19,-0.53,-2.13,-0.13,0.23,0.46,0.45,2.7392981760760393,0.5458840457996423,0.746799894724852,-0.7068965596692006,1,1
1995-04-30,2.11,-0.26,1.67,0.43,0.82,0.45,1.8,2.6730888062763536,0.3234364871819576,1.023152305034318,0.030555170684390783,1,1
1995-05-31,2.9,-2.17,2.28,0.41,0.01,0.54,-0.55,2.4196208694279715,0.45428839514183456,0.6459482385125253,-0.686172579036908,1,1
1995-06-30,2.72,3.05,-2.54,-0.23,-2.39,0.47,3.01,2.166666078133297,0.3480960894689606,0.5031245808681807,-0.63345349837895,1,1
1995-07-31,3.71,2.12,-1.58,0.22,-1.58,0.45,2.6,2.1236395673767747,0.27745367870517734,0.6066220999298108,-0.7967346013193919,1,1
1995-08-31,0.55,1.7,2.68,-1.17,1.49,0.47,0.05,2.2354238335254606,0.2508439387917529,0.7134473768806637,-0.619162716556153,1,1
1995-09-30,3.36,-1.86,-0.11,0.99,0.4,0.43,2.86,2.1938456519912446,0.19427259515240078,0.5161828084838476,-0.8063201064272396,1,1
1995-10-31,-1.51,-4.07,-0.49,1.93,-0.1,0.47,4.17,2.1647585613792577,0.23281518700161027,0.3957330372863839,-0.3129777360178807,1,1
1995-11-30,3.96,-1.06,0.52,-0.57,1.0,0.42,-0.72,2.0098614198902505,0.23533815090046925,0.4194388919040641,-0.8023877655124129,1,1
1995-12-31,1.04,0.65,0.24,-1.44,3.02,0.49,2.48,1.924992329811666,0.10518178061038005,0.3424424060270258,-0.81478034221167,1,1
1996-01-31,2.26,-2.64,0.46,0.26,2.3,0.43,0.57,1.938045532306438,-0.268460984602746,0.6334298072125824,0.4387224335287718,1,1
1996-02-29,1.33,1.77,-1.05,0.16,-1.89,0.39,0.57,1.6206581920219298,0.1871771477743685,0.5002969966313618,-0.4222161403890221,1,1
1996-03-31,0.74,1.56,0.42,1.44,-0.95,0.39,-1.85,1.9574473226912203,0.35246395010962356,0.5582810348267271,0.16333512007781284,1,1
1996-04-30,2.05,4.7,-3.97,-0.2,-2.03,0.46,-0.94,2.237083864565232,-0.1317911397546669,0.8681341768822047,0.23373326665875066,1,1
1996-05-31,2.36,3.23,-0.9,0.03,-0.33,0.42,1.62,2.2510211702534035,0.10068842416803526,0.8616183348385854,-0.47573607374052607,1,1
1996-06-30,-1.13,-3.67,2.33,3.5,1.2,0.4,1.02,2.434913306433688,0.0934206557631268,0.813281123813571,-0.42186473970132154,1,1
1996-07-31,-5.96,-3.78,5.19,2.9,2.68,0.45,-0.15,2.3015277973180743,0.5711646271773044,0.6662363180150629,-0.39571219256675894,1,1
1996-08-31,2.77,2.58,-0.82,-0.38,-2.47,0.41,-0.02,2.230676272951122,0.37531147137037396,0.49500749167040126,-0.686224773502735,1,1
1996-09-30,5.01,-1.41,-2.74,1.3,-2.13,0.44,2.67,2.3998886878499923,0.26548499650169743,0.6992121257563643,-0.037074971818568295,1,1
1996-10-31,0.87,-3.79,4.88,1.38,2.97,0.42,3.72,2.258129137143212,0.11971539549760749,0.6425587332161101,-0.08889752709702717,1,1
1996-11-30,6.25,-3.82,1.4,2.06,-0.69,0.41,-2.35,2.1727092007624305,0.019191064254762902,0.575576520228341,-0.0009614200719431727,1,1
1996-12-31,-1.7,3.19,1.28,0.23,1.49,0.46,0.53,2.0720071336821153,0.3914835592292148,0.4382462675517759,-0.09300423401376878,1,1
1997-01-31,4.97,-1.82,-1.44,1.22,-0.07,0.45,1.87,2.1320344183213256,0.6736473326736405,0.408199743161498,-0.3055760366192931,1,1
1997-02-28,-0.48,-2.54,5.61,0.72,3.47,0.39,-2.18,2.091919187533779,0.6441488392814857,0.2913051513475721,-0.2046499543502166,1,1
1997-03-31,-5.02,-0.41,3.39,0.39,1.53,0.43,0.88,2.210571855329419,0.9090361716204389,0.24449004979954542,-0.6352042589194208,1,1
1997-04-30,4.04,-5.7,0.0,3.36,-1.02,0.43,4.83,2.483470981568987,0.4985979120960151,0.44007592048289357,-0.6601629124693104,0,1
1997-05-31,6.73,4.68,-4.11,-1.04,-2.76,0.49,-5.19,2.388048390643102,0.537934925127494,0.2597748023096811,-0.8286582151731329,0,0
1997-06-30,4.1,1.17,1.44,0.56,0.45,0.37,2.59,2.3851532536217586,0.29474215134508674,0.3386059582050238,-0.20130244932564317,0,0
1997-07-31,7.31,-2.74,0.13,0.18,-2.56,0.43,3.7,2.2460522942562684,0.48513716720838956,0.06016986420824741,-0.3968160530704758,0,0
1997-08-31,-4.09,7.5,1.13,-1.02,-0.17,0.41,-2.57,2.300604584788219,0.5012879217196725,0.09259395573662448,0.20390000147525233,0,0
1997-09-30,5.34,2.48,0.24,-1.58,-0.93,0.44,1.46,2.2594277438347987,0.5421590808639078,0.05305735868262651,0.20082940590932738,0,0
1997-10-31,-3.81,-0.56,2.33,0.75,2.01,0.42,-0.53,2.152363445359162,0.7438160379807854,-0.2293628037880661,-0.004110036764780405,0,0
1997-11-30,2.99,-5.01,1.22,3.08,1.73,0.39,0.38,1.9463467164877304,1.3573611737057887,-0.6673348902197683,0.3518219328898335,0,0
1997-12-31,1.36,-2.09,3.74,0.64,1.95,0.48,3.91,2.0606087816154153,1.000817691949123,-0.546393654871781,-0.23403060172421222,0,0
1998-01-31,0.14,-1.28,-1.68,0.91,-0.62,0.43,0.05,1.9570943211235141,0.6551326387101537,-0.47322680910610687,-0.13486769108419466,0,0
1998-02-28,7.04,0.05,-0.93,-0.37,-2.58,0.39,-1.19,1.9870448516369261,0.5497473478807391,-0.4544836818400228,-0.7505030412555221,0,0
1998-03-31,4.76,-0.73,1.38,-0.55,-0.23,0.39,2.13,2.0377408687274494,0.5936881247966298,-0.4429799675425931,-0.7408422109960332,0,0
1998-04-30,0.74,0.01,1.03,-1.68,-0.36,0.43,0.76,2.105285141038815,0.5651113699806362,-0.566907602596558,-0.22622137012858484,0,0
1998-05-31,-3.05,-3.0,3.41,1.03,2.47,0.4,1.91,2.22957299386713,0.3170559438503304,-0.3915842353936346,0.12215188664705674,0,0
1998-06-30,3.21,-3.61,-2.03,-0.26,-3.03,0.41,7.26,2.136155094247581,0.5138815917778007,-0.5719000168984268,-0.2606506227200372,0,0
1998-07-31,-2.42,-5.2,-1.83,1.64,0.76,0.4,3.79,2.199401647872857,0.12912480492905715,-0.3841145361072876,0.011008795781254195,0,0
1998-08-31,-16.05,-4.97,3.57,3.35,5.78,0.43,1.9,1.7154973795104358,1.1127242850693326,-0.8643735528163764,0.38172907038910736,0,0
1998-09-30,6.19,-0.89,-3.51,-1.84,-2.84,0.46,-0.65,0.9836299096643157,1.710542748482363,-1.2859278440859974,0.7187919083840522,0,0
1998-10-31,6.98,-3.36,-2.33,0.88,0.18,0.32,-5.33,0.593632276062132,1.2041766608355455,-1.046259382478038,1.2949290704902132,0,0
1998-11-30,6.07,0.76,-3.24,-0.92,-0.92,0.31,1.13,1.0307798805150785,0.6157624661379633,-0.8108408625526901,0.24742701041400317,0,0
1998-12-31,6.15,-1.5,-4.25,-0.69,-3.26,0.38,8.87,1.0241603270842436,0.4684863723565683,-0.8924631584029433,0.39996743604656326,0,0
1999-01-31,3.47,-0.82,-4.46,-2.8,-6.41,0.35,2.84,0.9664988665256187,0.917952668377006,-1.1043727656445383,0.5959713475983038,0,0
1999-02-28,-4.08,-5.15,1.95,-1.23,4.08,0.35,-0.14,1.0558751341573434,1.2425313641510662,-1.1246612904635795,-0.018437366389048512,0,0
1999-03-31,3.48,-4.37,-2.61,-4.05,-1.07,0.43,-1.21,1.3215893697084737,0.9280584955643559,-0.9194158829376713,-0.07295424520094118,0,0
1999-04-30,4.34,4.52,2.4,-2.47,0.84,0.37,-8.98,1.6096611634011138,0.06440998805224529,-0.3779431032408819,1.7501637080684143,0,0
1999-05-31,-2.46,3.75,2.49,0.95,3.18,0.34,-5.25,1.4045776516779853,1.053561637956867,-0.798682785387854,-0.057302999120547135,0,0
1999-06-30,4.77,2.34,-3.22,0.93,-2.91,0.4,4.66,1.598494704796537,1.0390841147285081,-0.6176336525683676,-0.4236228875896684,0,0
1999-07-31,-3.49,2.54,-0.18,0.29,3.27,0.38,1.7,1.9325542513790395,0.14193020186098593,-0.19225867272549058,0.7863911509549598,0,0
1999-08-31,-1.37,-1.67,-1.93,-0.24,0.72,0.39,2.98,1.8044832406622446,0.6797840711014759,-0.42990448224784844,0.3861256055987219,0,0
1999-09-30,-2.77,2.48,-2.9,-0.96,-0.99,0.39,6.38,1.8835756951843226,0.5006565500090016,-0.3129723791457235,1.0238591630746754,0,0
1999-10-31,6.09,-7.13,-2.88,-1.75,-0.87,0.39,5.45,1.9023644744751482,0.6617276438622414,-0.39975622464332317,0.25750836606932365,0,0
1999-11-30,3.41,5.69,-5.65,-4.18,-1.84,0.36,5.49,2.0918988705244606,0.4586655547877752,-0.3728689663168044,0.0620133984953474,0,0
1999-12-31,7.66,5.1,-7.66,-8.0,-5.87,0.44,13.1,2.317847990452762,0.3821935559229425,-0.27774986840719296,0.1757206173871755,0,0
2000-01-31,-4.74,4.21,-1.12,-6.15,4.56,0.41,1.86,2.4914274794507927,0.9196871064369755,-0.2903112083001416,0.3688162986725771,0,0
2000-02-29,2.45,18.46,-9.77,-18.95,-1.13,0.43,18.0,2.661358183165166,0.8476543701726883,-0.39191319625877186,0.880202575632373,0,0
2000-03-31,5.21,-15.54,8.5,11.65,-1.2,0.47,-6.85,2.603435787483776,0.7101022287794314,-0.5247616845287514,1.3526910171835906,0,0
2000-04-30,-6.35,-4.75,6.45,8.07,5.63,0.46,-8.6,2.1891252284600253,1.2605017079270968,-1.1728520832185498,-0.24402015594613646,0,0
2000-05-31,-4.39,-3.86,4.59,4.05,1.47,0.5,-8.99,2.4643830050226647,1.120490376957284,-0.7607517924450019,0.4469403966492334,0,0
2000-06-30,4.68,9.95,-8.04,-8.31,-3.17,0.4,16.6,2.768461420899711,0.1500462508900057,-0.3748371067768774,1.4627458871875305,0,0
2000-07-31,-2.48,-0.94,8.06,5.72,2.98,0.48,-0.16,2.456383677083589,1.0562076000650422,-0.7723231829105661,0.37775438356892355,0,0
2000-08-31,7.03,-0.95,-1.37,-3.06,1.21,0.5,5.59,2.2294787430805516,1.292610365685919,-1.050546205876364,-0.6093852633871173,0,0
2000-09-30,-5.44,0.27,7.24,2.7,5.54,0.51,1.89,2.3677186321824935,0.7417680025029556,-0.7143325512633302,1.2519123089690545,0,0
2000-10-31,-2.78,-2.58,5.58,9.54,3.71,0.56,-4.56,1.96731492497666,1.4028318403202578,-1.0698128058479062,0.38645106792438855,0,0
2000-11-30,-10.7,-0.35,12.24,13.05,8.35,0.51,-2.17,1.9496637510988915,1.455083089605785,-1.0931902333197339,0.46809842549459185,0,0
2000-12-31,1.18,3.26,7.55,1.92,4.82,0.5,6.59,1.621218207114819,1.314402939685388,-1.1930574113541652,0.7546108425691329,0,0
2001-01-31,3.25,5.23,-5.05,-5.2,-5.21,0.54,-25.3,1.2742533189422967,1.0989836485930433,-0.6972414504735506,1.5784829275952985,0,0
2001-02-28,-10.03,2.87,12.23,9.12,9.01,0.38,12.6,1.0114090936218294,1.283000310361439,-0.8735076409530746,0.5345993589205948,0,0
2001-03-31,-7.25,2.33,6.47,3.34,3.72,0.42,8.65,0.49207311139577,1.883285399482703,-1.1897684002322837,0.2669589779301627,0,0
2001-04-30,7.94,-0.88,-4.64,-3.18,-3.19,0.39,-8.01,0.43094961697237505,1.3205294074920912,-0.6375261584918371,0.5802504649038859,0,0
2001-05-31,0.68,3.55,3.38,0.29,1.95,0.32,2.15,0.7319977843474083,0.4234613103255827,-0.02955819491183504,1.1849725419331123,0,0
2001-06-30,-1.94,6.69,-1.26,1.57,-1.67,0.28,0.62,0.47505311567752745,0.5511530686161983,-0.08460758058441978,0.2578794961814545,0,0
2001-07-31,-2.13,-2.86,4.95,7.29,2.9,0.3,5.48,0.044132648607903585,1.549783994753375,-0.5869231614791361,-0.9289264452617232,0,0
2001-08-31,-6.4,2.54,2.86,3.81,6.53,0.31,5.46,-0.1348012697191208,1.3160682679858442,-0.44346339512161126,-0.40400337733626807,0,0
2001-09-30,-9.24,-5.74,1.52,5.03,3.35,0.28,11.3,-0.9256603285799534,1.7669706544523118,-0.45027640196100654,1.791751748989239,0,0
2001-10-31,2.48,5.34,-7.31,-2.98,-4.36,0.22,-8.32,-1.5478129148555266,2.0889617894204178,-0.6182928272598884,-0.5217977237044049,0,0
2001-11-30,7.53,-0.36,2.17,-3.49,-1.68,0.17,-8.61,-1.289153167481298,1.3064256423587817,-0.12913637898515126,-0.27365117190413546,0,0
2001-12-31,1.61,5.11,0.83,0.26,-0.28,0.15,0.02,-1.0881269662698667,1.1236319601430467,0.24716772289549596,-0.5210692167513373,0,0
2002-01-31,-1.44,1.28,3.42,4.73,2.83,0.14,3.65,-0.8645528597899287,0.4318828408244889,0.5734990733415102,0.05177054453432561,0,0
2002-02-28,-2.28,-0.38,2.34,8.03,5.1,0.13,6.83,-0.9334474053723595,0.4839244512635684,0.44926358604632094,0.21663701192244808,0,0
2002-03-31,4.24,4.15,1.08,-1.83,0.66,0.13,-1.69,-0.45796434480894727,0.12949892830583545,0.693878055234621,0.2942476393005197,0,0
2002-04-30,-5.21,6.63,4.01,4.59,5.35,0.15,7.7,-0.5110726792370329,0.08564833688290117,0.8263143949476346,0.827205965499979,0,0
2002-05-31,-1.36,-3.07,1.52,2.31,2.53,0.14,3.09,-0.8234290810963648,0.5363013485225316,0.5581515332445961,-0.2220144459071743,0,0
2002-06-30,-7.23,3.76,0.37,3.92,2.66,0.13,6.24,-1.1331856899199206,0.9347267028823263,0.2899174883789844,-0.03936346790486454,0,0
2002-07-31,-8.19,-6.33,-3.51,3.84,-1.1,0.15,3.63,-1.6172520822610916,1.4631658615535412,0.058547989941262195,1.033723573748208,0,0
2002-08-31,0.5,-1.28,3.01,1.37,-1.4,0.14,1.87,-1.7666002474381375,1.2607439101905749,-0.021892995329742832,1.2426367308731117,0,0
2002-09-30,-10.34,3.05,1.26,3.29,-2.29,0.14,9.18,-2.0357286875592253,1.6769167593017351,-0.5216457581764622,1.202102831363238,0,0
2002-10-31,7.84,-4.29,-3.76,-3.16,0.73,0.14,-5.58,-2.194487600943596,1.6767133043124978,-0.38361972704543895,1.2618573170750285,0,0
2002-11-30,5.96,2.94,-1.16,-9.25,5.16,0.12,-16.4,-2.0516947323879338,1.1201009471445618,-0.00041252559802642164,0.638660191442652,0,0
2002-12-31,-5.76,0.55,2.11,6.32,-1.79,0.11,9.72,-2.060248930484108,1.0656651374168344,0.07700795071622538,0.542148196143855,0,0
2003-01-31,-2.57,0.71,-0.79,-0.93,0.69,0.1,1.59,-1.8208694105948369,0.44447347354386874,0.38573254776523414,1.2961315777477174,0,0
2003-02-28,-1.88,-0.87,-1.36,0.79,-0.68,0.09,1.21,-1.8285517187179823,0.5104168506114994,0.34183871102552416,2.0320447975789335,0,0
2003-03-31,1.09,0.77,-2.11,1.68,-0.81,0.1,1.4,-2.010092626053415,0.8727386900142654,0.03576571650126506,0.6292898476455315,0,0
2003-04-30,8.18,1.14,1.22,-4.68,0.98,0.1,-9.35,-1.9776267007044865,0.8624728937979976,0.07229672047995721,-1.5755992515288197,1,0
2003-05-31,6.05,4.78,0.7,-6.94,3.07,0.09,-10.7,-1.7917454033562878,0.19925180517187313,0.19521204085152413,-1.121310397588068,1,1
2003-06-30,1.42,1.65,0.14,0.44,-0.4,0.1,-1.23,-1.7885143400103751,-0.16168073452634218,0.36240606242491286,-0.2293855388590382,1,1
2003-07-31,2.33,4.4,-1.53,-3.89,1.52,0.07,-0.3,-1.4555053720812412,-0.7940070672317969,1.0859517020627603,0.2636234706972315,1,1
2003-08-31,2.33,2.37,1.64,-2.29,2.15,0.07,-0.53,-1.17962701409292,-0.8721218402694749,1.348051659925541,0.6951293028372459,1,1
2003-09-30,-1.24,0.57,0.14,0.9,0.41,0.08,-0.07,-1.2952441113031576,-0.760567190909334,1.1893201613702067,0.2841161341356148,1,1
2003-10-31,6.08,2.63,2.21,-1.38,1.65,0.07,4.01,-1.4497920136630527,-0.16139553460283565,0.8006892249407778,-1.1964106677772763,1,1
2003-11-30,1.35,2.31,1.72,0.21,1.68,0.07,1.36,-1.1699592044252793,-0.4434071210686159,0.7991395385838808,-0.7346221980394606,1,1
2003-12-31,4.29,-2.51,1.51,0.57,0.85,0.08,-5.54,-1.0245906485301262,-0.769490177966598,0.9276049298246359,-0.13396329229661597,1,1
2004-01-31,2.15,2.46,2.42,-3.6,3.33,0.07,2.57,-1.0112785094164924,-0.8483735927258574,0.9760373867343118,0.35155809853445835,1,1
2004-02-29,1.4,-0.92,0.95,2.13,-1.17,0.06,-1.17,-1.0411835175155266,-0.6673464597894496,0.7614876087452828,-0.3348516762888235,1,1
2004-03-31,-1.32,2.11,0.23,1.65,-0.98,0.09,0.19,-1.2227954482120449,-0.5303867723738012,0.6178696683992579,-0.2657979670713576,1,1
2004-04-30,-1.82,-2.06,-3.23,3.46,-2.83,0.08,-5.34,-0.8625438779556157,-0.6386705421782006,0.8052289379794235,-0.5757242458656293,1,1
2004-05-31,1.18,-0.4,-0.18,-1.17,0.01,0.06,1.49,-0.5266586252664422,-0.7420855230887009,1.0068632707735246,0.37393790480582934,1,1
2004-06-30,1.86,2.52,1.21,1.12,-0.31,0.08,2.08,-0.3758166729909102,-0.8090496800318971,0.9257055328846883,0.07732858568994457,1,1
2004-07-31,-4.04,-2.92,3.22,5.21,-1.68,0.1,-2.24,-0.5048125915035284,-0.5502507288522234,0.5780359336650487,-0.724593165161174,1,1
2004-08-31,0.08,-1.18,1.08,1.21,-1.35,0.11,-1.55,-0.5797660485014896,-0.41958968852723877,0.3469852977775835,-0.8022564787832348,1,1
2004-09-30,1.6,3.22,-0.05,-1.49,-1.72,0.11,5.48,-0.2789109827538648,-0.9649055296630907,0.5052859610599215,-0.1082873288290281,1,1
2004-10-31,1.42,0.15,-0.26,-0.53,0.41,0.11,-1.43,-0.10338210275592245,-1.210783448166302,0.6481462052935645,0.6910945500003279,1,1
2004-11-30,4.53,4.12,1.57,-0.52,-0.18,0.15,3.08,0.13124267316353527,-1.2018872450561948,0.5497426930585286,0.3371797672922403,1,1
2004-12-31,3.41,-0.04,-0.23,-1.07,0.39,0.16,-2.85,0.0926344839715181,-0.6851071313229478,0.18781835824084517,-1.2453214215848745,1,1
2005-01-31,-2.75,-1.11,2.06,2.8,-1.41,0.16,2.96,0.28444952551952046,-0.6219196447609541,-0.004723326735864677,-1.3683981846603082,1,1
2005-02-28,1.88,-0.3,1.41,1.32,-0.21,0.16,3.43,0.8096403443333192,-1.4081340547219048,0.36472032357104395,0.12724249502249355,1,1
2005-03-31,-1.93,-1.41,2.07,0.44,1.34,0.21,0.43,0.9654383398171054,-1.1111890665473563,0.27267612449265416,-0.16462607096196866,1,1
2005-04-30,-2.6,-3.97,0.05,0.97,-0.85,0.21,-0.68,0.7949606847969166,-0.694497574960211,-0.0019902585610761785,-0.11278792031138817,1,1
2005-05-31,3.65,2.76,-0.58,-1.02,0.28,0.24,0.37,0.6098992086483704,-0.22438311197448244,-0.4870033645733818,-1.2716714857322322,1,1
2005-06-30,0.58,3.26,2.8,0.87,-0.52,0.23,2.07,0.7718347152959083,-0.5407077264507184,-0.4908478418831845,-1.0676425060680972,1,1
2005-07-31,3.92,2.76,-0.78,-1.19,-0.78,0.24,0.03,1.3266069618186123,-1.4186959232872562,0.0775141168600908,0.7657154760352511,1,1
2005-08-31,-1.2,-0.94,1.34,-1.96,0.38,0.3,2.07,1.4367402808510923,-1.188174719093645,-0.07542020158175944,0.6781832280161405,1,1
2005-09-30,0.48,-0.31,0.78,0.26,-0.61,0.29,3.46,1.74759363357472,-2.132498883867673,0.5499353180748983,3.1999747367807627,1,1
2005-10-31,-2.04,-1.5,0.43,-0.7,-1.26,0.27,-1.19,1.1881946413648756,-0.2349907484693045,-0.45781599473134815,-0.5556391699017056,1,1
2005-11-30,3.61,0.9,-1.18,-0.79,-1.09,0.31,0.34,1.0228226005445287,0.4366695526204183,-0.8809516184850354,-2.7906008463254,1,1
2005-12-31,-0.24,-0.25,0.15,0.18,0.2,0.32,0.78,1.3601569796256634,-0.2607841789044175,-0.5517699076286879,-1.2397712924911497,1,1
2006-01-31,3.03,5.83,0.99,-0.66,-0.35,0.35,2.52,1.8081286335948024,-1.2869027703745315,-0.10138568376884013,0.6581775556118948,1,1
2006-02-28,-0.3,-0.46,-0.31,-0.54,1.98,0.34,-1.78,1.7402854017153813,-0.5661501943349346,-0.4840288941536561,-1.0088120961112041,1,1
2006-03-31,1.47,3.34,0.61,0.03,-0.44,0.37,1.26,1.8543953666885715,-0.698414086195484,-0.32919160459294666,-0.7807622794199561,1,1
2006-04-30,0.73,-0.79,2.26,1.74,-0.13,0.36,0.6,2.0233540923205977,-0.6140125239566677,-0.08352101192403025,0.41815048266330773,1,1
2006-05-31,-3.56,-2.9,2.38,0.87,1.53,0.43,-3.66,1.934696384400494,-0.11182399692825176,-0.31720584857784445,-0.19887337358546073,1,1
2006-06-30,-0.34,-0.24,0.85,1.32,-0.13,0.4,1.55,1.9394728922377225,0.14322698098924735,-0.5184244175796647,-0.15063040938673927,1,1
2006-07-31,-0.77,-3.6,2.62,1.63,0.84,0.4,-2.04,2.1567423530877443,-0.2652037046859667,-0.23495032208821073,0.6987992000093758,1,1
2006-08-31,2.03,0.45,-1.95,-1.81,2.14,0.42,-3.36,2.034182318315009,-0.30235719474036044,-0.3259124925085664,0.20833032899841242,1,1
2006-09-30,1.84,-1.39,0.06,0.78,0.46,0.41,-0.98,1.5573991260882776,0.7156915834860181,-1.1242618491075824,-2.841175866974562,1,1
2006-10-31,3.22,1.98,-0.33,-0.11,0.32,0.41,-0.25,1.7372607948540708,0.23536981566088025,-0.947591172260996,-2.603485577933825,1,1
2006-11-30,1.7,0.63,0.04,0.2,-0.8,0.42,-1.04,2.023827607850164,-0.4508383663342686,-0.6045183200249866,-1.1465003305846997,1,1
2006-12-31,0.85,-0.81,2.74,-0.65,1.88,0.4,0.79,2.2399822252607238,-1.0886334583245492,-0.24653513255397205,0.5350331810278908,1,1
2007-01-31,1.38,0.02,-0.68,0.19,0.4,0.44,0.17,2.062341098668793,-0.2909088186573497,-0.5229436855492576,-0.8026552167221876,1,1
2007-02-28,-1.96,1.33,-0.08,-0.52,-0.66,0.38,-1.29,2.2210839449711965,-0.6449419376582493,-0.36889509108944435,0.05240798259520029,1,1
2007-03-31,0.71,0.14,-0.88,0.55,-0.67,0.43,2.58,1.9765931248234931,-0.47782264375064354,-0.46660940553131447,0.6274540485065213,1,1
2007-04-30,3.49,-2.08,-1.44,1.18,1.01,0.44,-0.16,1.961883441110355,-0.45372336340161773,-0.417341832977562,-0.2090401409676624,1,1
2007-05-31,3.24,0.33,-0.59,1.47,-1.26,0.41,-0.33,2.104244622353109,-0.5608685279850217,-0.3897795092626758,0.10254338606519972,1,1
2007-06-30,-1.96,0.7,-1.05,0.49,0.06,0.4,0.52,2.026410677986015,-0.1562887135973405,-0.31010666017963634,-0.3085970055011402,1,1
2007-07-31,-3.72,-3.05,-3.68,0.26,-1.16,0.4,2.84,1.8094423767863785,0.11878775286392843,-0.4178080878192062,-0.3899401968903419,1,1
2007-08-31,0.94,-0.33,-1.87,-1.27,-0.57,0.42,-0.03,1.1038136006877244,0.8397011481765364,-0.8634354931092055,-0.2887545124261461,1,1
2007-09-30,3.22,-2.44,-2.17,-0.49,-2.94,0.32,4.43,1.159157905685395,0.10260128423500822,-0.39863645594857106,0.8740061901286168,1,1
2007-10-31,1.79,-0.03,-2.87,-0.33,0.06,0.32,5.03,1.1662678753112823,-0.026888900010523104,-0.3550125979215394,0.17558525671540154,1,1
2007-11-30,-4.8,-2.91,-1.09,1.75,-0.36,0.34,1.12,0.7535592434434779,-0.21126165466196736,-0.21267895571528053,2.1938473386232493,0,1
2007-12-31,-0.87,0.18,-0.51,0.9,-1.07,0.27,6.56,0.19827599278973976,0.22430427127978111,-0.3351762438516493,0.44893075067565363,0,0
2008-01-31,-6.32,-0.63,4.0,2.12,2.06,0.21,-7.74,-0.4856312700569397,0.8371570420805102,-0.5939065022979036,0.8640887675420862,0,0
2008-02-29,-3.09,-0.64,-0.72,1.07,-0.97,0.13,6.13,-1.1362961812521672,0.8609529129887008,-0.4552223284222187,0.636746735976247,0,0
2008-03-31,-0.94,0.59,0.31,0.89,0.47,0.17,4.25,-1.5599969549012065,0.8767582294484515,-0.4102224541275097,1.1404721990592208,0,0
2008-04-30,4.61,-1.16,-0.96,1.81,-2.56,0.18,-0.33,-1.1733170695741941,0.20996208056491106,-0.2826768310843092,0.4069545846735666,0,0
2008-05-31,1.87,3.04,-1.5,0.92,0.14,0.18,3.39,-0.7086003971445879,-0.49089304337039213,0.21428889601681453,1.292028658687796,0,0
2008-06-30,-8.43,1.16,-2.51,4.98,-0.69,0.17,12.7,-0.39876564333562226,-0.7220087460444533,0.5164630137102205,2.952329552691644,0,0
2008-07-31,-0.75,3.71,5.2,-1.36,0.99,0.15,-5.02,-0.9829125635700413,0.40566452210681864,0.05865256323463194,1.9537922511761314,0,0
2008-08-31,1.53,3.28,1.52,1.83,0.66,0.13,-4.48,-1.5181367611331054,1.2274680674388583,-0.39716747935265834,-0.9056203748825332,0,0
2008-09-30,-9.35,0.38,5.66,2.4,1.7,0.15,0.86,-2.0196685017085523,1.6728440027453686,-0.5626699551402496,0.52836385121023,0,0
2008-10-31,-17.2,-3.06,-1.89,2.73,1.38,0.08,7.87,-4.73178785402196,6.218498606873075,-2.2734199613140422,-0.15766527190135246,2,0
2008-11-30,-7.74,-4.0,-6.21,4.67,2.39,0.03,7.28,-5.994415482448885,7.740866515643801,-3.132035114534612,-3.1920019999799494,2,2
2008-12-31,1.77,3.33,0.05,0.03,-1.52,0.0,-5.09,-5.523845735532637,5.572173739150717,-2.587738858744675,-0.2747312319050003,2,2
2009-01-31,-8.09,-2.09,-11.02,0.0,-1.16,0.0,-2.36,-4.597054827979429,3.224396797313062,-1.0649045488084758,2.45748444430321,2,2
2009-02-28,-10.14,-1.17,-6.6,1.01,-0.62,0.01,4.36,-4.364291539704206,3.101771799587012,-0.5641561265699941,2.783161150501097,2,2
2009-03-31,9.01,0.59,3.48,-2.58,-2.0,0.02,-11.8,-4.910432425334311,3.8265597690766278,-0.8516446966293558,1.3304126721618434,2,2
2009-04-30,10.17,7.14,5.38,1.34,0.5,0.01,-34.3,-4.55960529853498,2.7088829026649512,-0.1176136645666718,1.5066717298108272,2,2
2009-05-31,5.2,-2.24,0.41,-0.81,-1.99,0.0,-12.5,-4.13368846739736,2.0315442434064095,0.6688394832043304,1.082747039839356,2,2
2009-06-30,0.42,2.27,-2.76,-1.41,-0.37,0.01,5.45,-3.1010235606050767,0.6902267918531889,1.6868647936538825,2.7626298739882627,2,2
2009-07-31,7.74,2.31,4.89,-0.26,3.08,0.01,-5.54,-3.3642280669818887,1.1728944200842222,1.21334111689777,-0.2114318583357056,1,2
2009-08-31,3.33,-0.1,7.6,-2.85,3.3,0.01,-9.1,-2.814684123052923,0.4559691789515078,1.6058602704847633,0.7429451813967857,1,1
2009-09-30,4.08,2.72,1.15,1.15,0.34,0.01,-4.87,-2.9296394134874704,0.5340325150485162,1.5219159820989474,0.24494270270262578,1,1
2009-10-31,-2.55,-4.85,-4.17,4.22,-1.48,0.0,2.49,-2.822886846542248,0.0600932137596254,1.8044874702123905,0.5496703461401284,1,1
2009-11-30,5.58,-2.76,-0.33,0.9,0.0,0.0,0.39,-2.877011387806771,-0.028916934325711907,1.902096564163407,0.6281565559590231,1,1
2009-12-31,2.74,6.14,-0.11,0.71,-0.09,0.01,3.0,-2.881307915119813,0.12913195336739303,1.9091596618268654,-0.48061897906192697,1,1
2010-01-31,-3.35,0.4,0.33,-1.08,0.51,0.0,-5.33,-2.7501703896919127,0.2278696851520859,1.9415092568604275,-0.5467611211262104,1,1
2010-02-28,3.39,1.49,3.18,-0.29,1.42,0.0,3.69,-2.988218083564756,0.622256610886212,1.7325348108963101,-0.9460701338199613,1,1
2010-03-31,6.3,1.83,2.19,-0.61,1.74,0.01,3.57,-2.7003532767255005,0.09340785313248225,2.0182029830939987,-0.8274045712596172,1,1
2010-04-30,2.0,4.96,2.96,0.61,1.75,0.01,3.16,-2.526568538979114,-0.14284638624908466,2.1691467096698114,-0.9108057286450371,1,1
2010-05-31,-7.9,0.08,-2.48,1.3,-0.24,0.01,-0.2,-3.0399646738847035,0.9486397710289262,1.2710315457262147,-0.19273032988403616,1,1
2010-06-30,-5.57,-2.42,-4.73,-0.1,-1.58,0.01,-2.7,-3.2024288312788696,0.883266023593741,1.0911247775962574,-0.15641685686186285,1,1
2010-07-31,6.92,0.04,-0.5,0.17,2.02,0.01,1.78,-3.0048088441370924,0.3048445664449594,1.2804180704071961,0.30514268119301874,1,1
2010-08-31,-4.77,-3.06,-1.73,0.6,-1.6,0.01,0.04,-2.999385165730511,0.22423140089262605,1.1028107454295406,0.10949775308160031,1,1
2010-09-30,9.55,3.65,-3.02,-0.19,0.38,0.01,1.38,-2.976626448009248,0.044373332774365226,1.1642594083847815,0.06000823508692159,1,1
2010-10-31,3.87,0.73,-2.46,1.28,-0.38,0.01,1.46,-2.960413415777509,-0.2313624115012014,1.2563149794448778,0.6249604974672651,1,1
2010-11-30,0.59,3.54,-0.9,0.32,1.79,0.01,2.73,-3.0710910770607853,-0.02742176703941281,1.4570500866238612,0.23311731220754825,1,1
2010-12-31,6.82,0.97,3.56,-3.42,3.17,0.01,-3.0,-2.6634233706537827,-0.4464518914589352,1.883630957725818,0.3753127363963024,1,1
2011-01-31,1.98,-2.31,0.61,-0.64,0.81,0.01,-0.3,-2.688586697952534,-0.13682437083842944,1.7663650023780104,0.12290724148452085,1,1
2011-02-28,3.48,1.65,1.18,-1.83,0.84,0.01,1.88,-2.528138267707271,-0.17803747632187458,1.8397816049119347,0.1840011234487479,1,1
2011-03-31,0.46,2.56,-1.84,1.73,-0.07,0.01,3.45,-2.5775943442428533,-0.13985548457680388,1.7357349417797503,0.852030300037449,1,1
2011-04-30,2.9,-0.53,-2.44,1.12,-0.86,0.0,0.05,-2.364753278121913,-0.8273312471796258,2.0806162862791444,0.5650923583032129,1,1
2011-05-31,-1.27,-0.72,-1.85,1.92,-1.43,0.0,-0.6,-2.539621905950736,-0.6121462936114204,1.7347899161094902,0.03320268897039211,1,1
2011-06-30,-1.74,0.06,-0.2,2.27,-1.42,0.0,1.82,-2.9031532524727015,-0.051464227217629666,1.3799223691566422,-0.7584924107620218,1,1
2011-07-31,-2.35,-1.11,-0.91,2.68,-1.73,0.0,0.2,-2.821105447079148,-0.11405735600438359,1.443019467610749,0.11335155985862323,1,1
2011-08-31,-5.96,-3.09,-2.43,3.41,-0.26,0.01,-0.27,-3.3144179100544955,0.9543442810618068,0.4095048893851404,1.2746966481940114,0,1
2011-09-30,-7.57,-3.49,-1.53,1.99,0.15,0.0,-2.4,-3.474602829262511,1.1933705000844976,-0.003492998431543737,1.1838848086604876,0,0
2011-10-31,11.34,3.25,0.06,-2.25,-0.73,0.0,-1.4,-3.2756291829935296,0.6315517285863681,0.24506059238443192,0.4745837779411836,0,0
2011-11-30,-0.27,-0.3,-0.52,1.94,1.44,0.0,3.88,-3.095147164455592,0.33158640879048223,0.21113005496636858,0.7788016872781163,0,0
2011-12-31,0.75,-0.29,1.54,1.06,2.47,0.0,1.83,-3.0675492817233283,0.07960178548365479,0.22900703106248074,-0.10371989353034738,0,0
2012-01-31,5.05,2.02,-0.93,-2.06,-1.48,0.0,-8.01,-2.8222219335628917,-0.46828103043906283,0.455167639730222,0.3549544357135019,1,0
2012-02-29,4.4,-1.67,0.42,-0.36,-0.08,0.0,-0.26,-2.7219255934615667,-0.5850986144991733,0.48132012043733235,0.10659539958008055,1,1
2012-03-31,3.11,-0.48,1.19,-0.61,0.7,0.0,1.31,-2.593565200512747,-0.7350574327153391,0.6627233956979782,-0.11557884120751409,1,1
2012-04-30,-0.84,-0.5,-0.77,1.3,0.66,0.0,3.72,-2.7438182604877235,-0.39566990031381205,0.4280276647649095,-0.1305900022499437,1,1
2012-05-31,-6.17,-0.08,-0.95,2.03,2.36,0.01,6.44,-3.0342418802230955,0.2904770145020623,-0.1783966864384552,-1.0417629963712096,1,1
2012-06-30,3.9,0.89,0.55,-1.06,0.45,0.0,-1.1,-3.0145850339443623,0.17837044935941498,-0.27438888212053847,-0.6295133237934214,1,1
2012-07-31,0.79,-2.81,-0.06,1.04,0.01,0.0,3.0,-2.86989173072929,-0.1474152261419772,-0.16305207738124758,-0.4978238504403014,1,1
2012-08-31,2.54,0.44,1.23,-1.5,-0.86,0.01,-2.35,-2.4921886266030473,-0.9663320447949282,0.39976228043909023,1.0284441924874592,1,1
2012-09-30,2.73,0.57,1.62,-1.3,1.56,0.01,-1.13,-2.4117872228166077,-0.9947771074471601,0.33440541895675974,0.7943194499761335,1,1
2012-10-31,-1.76,-0.83,3.52,-1.4,2.52,0.01,0.05,-2.3881906638901063,-0.7263973619824631,0.16975173353062695,0.0011099457349194538,1,1
2012-11-30,0.78,0.4,-0.86,0.38,0.81,0.01,0.53,-2.610198792593468,-0.18524548512182665,-0.2795169314305158,-1.3118781175443925,1,1
2012-12-31,1.18,1.92,3.48,-1.72,0.8,0.01,-2.93,-2.6240288664689158,-0.2798235180820921,-0.06183141228844845,-0.7732619672062149,1,1
2013-01-31,5.57,0.42,1.01,-2.01,1.52,0.0,-1.82,-2.3492817315033716,-1.1448677922978892,0.560554677894208,-0.39016221643992394,1,1
2013-02-28,1.29,-0.25,0.21,-0.59,0.61,0.0,1.23,-2.134605699288086,-1.6051656484247023,0.8028149935476024,0.9537767584618035,1,1
2013-03-31,4.03,0.88,-0.22,0.27,1.41,0.0,1.92,-2.5555065443120797,-0.5887540727380475,0.0753388687280726,-1.9360893804892583,1,1
2013-04-30,1.56,-2.24,0.44,0.39,0.43,0.0,0.22,-2.560748369384338,-0.3959188822057801,-0.11655522364025915,-1.6218718799658582,1,1
2013-05-31,2.81,2.04,2.67,-2.0,-0.95,0.0,-2.01,-2.413855455192507,-0.7288639068471664,0.1912337927273359,-0.8792433622614654,1,1
2013-06-30,-1.2,1.54,-0.05,-0.28,-0.06,0.0,0.43,-2.472277396435208,-0.5968039007250899,0.47655474301028233,0.019359429386313905,1,1
2013-07-31,5.65,1.75,0.58,-1.35,0.57,0.0,1.74,-2.299671201306095,-1.0220094024815964,0.823403985517904,-0.42931148059941043,1,1
2013-08-31,-2.71,-0.03,-2.73,0.71,-2.17,0.0,0.04,-2.2477375370308885,-1.0705559256517374,0.9541918244517725,-0.27774065674814213,1,1
2013-09-30,3.77,2.65,-1.18,-0.54,-1.32,0.0,3.02,-2.3414572392977333,-0.7761994126798164,0.8218027472111193,-0.8958303913315653,1,1
2013-10-31,4.17,-1.5,1.22,2.75,0.89,0.0,0.02,-2.3666682819588116,-0.7729958698941448,0.6812395376940527,-0.791825652179681,1,1
2013-11-30,3.12,1.44,0.19,0.26,0.06,0.0,0.39,-2.2056303500368504,-1.1554605638218032,0.8794766483454087,-0.5043189701780013,1,1
2013-12-31,2.8,-0.44,0.0,-0.58,0.08,0.0,0.02,-2.0799799229160056,-1.1930479224529793,0.9799192762783566,-0.2982878566824354,1,1
2014-01-31,-3.3,0.6,-1.99,-3.91,-1.54,0.0,1.61,-2.0705602355606376,-0.7514776638006245,0.6926623960708449,-0.41342515806285063,1,1
2014-02-28,4.68,0.13,-0.35,-0.25,-0.54,0.0,2.13,-2.221647131612257,-0.5189783243569918,0.49967991135208945,-0.6878602384804922,1,1
2014-03-31,0.41,-1.13,4.9,2.02,1.92,0.0,-3.27,-2.091626481163622,-0.6870437016099836,0.5668393857305628,-0.4536638057043346,1,1
2014-04-30,-0.19,-4.07,1.22,3.4,0.93,0.0,-3.82,-1.7362470657753324,-1.5000720800626095,0.6785396355877054,-0.5621857849961223,1,1
2014-05-31,2.04,-1.86,-0.1,-0.09,-0.96,0.0,0.89,-1.7058786016021998,-1.648484044034292,0.6613957509305635,-0.6429930468256437,1,1
2014-06-30,2.61,3.06,-0.71,-1.83,-1.91,0.0,0.65,-1.6482383200258393,-1.6490645307868916,0.5802414117222503,-0.8804798304660089,1,1
2014-07-31,-2.03,-4.2,-0.08,0.93,0.51,0.0,-0.17,-1.6572994224875768,-1.5365288125902057,0.4817483729490466,-0.9102431942749619,1,1
2014-08-31,4.24,0.29,-0.57,-0.64,-0.69,0.0,0.83,-1.7754558952878305,-1.3012125879373118,0.21893622455683176,-1.2035149270784433,1,1
2014-09-30,-1.96,-3.66,-1.47,1.2,-0.59,0.0,0.6,-1.6937292180404304,-1.3209989484775515,0.2152296463970574,-1.1286172625553041,1,1
2014-10-31,2.51,3.66,-1.63,-0.39,0.21,0.0,-0.21,-1.9462055792263393,-0.6853451860106411,-0.28474677943426463,-0.9000633895323118,1,1
2014-11-30,2.56,-2.3,-3.13,1.57,0.14,0.0,0.69,-1.9414924061548677,-0.7440423662315214,-0.2723060986610038,-1.7235067794802523,1,1
2014-12-31,-0.05,2.83,2.12,-1.21,0.9,0.0,1.03,-1.9736893503255948,-0.4185936448865418,-0.6767125109826798,-1.8231856569176697,1,1
2015-01-31,-3.09,-0.93,-3.45,1.58,-1.64,0.0,3.74,-2.2127188165166345,-0.002712131024473965,-1.1668486921148375,-2.707615800145967,1,1
2015-02-28,6.14,0.36,-1.79,-1.1,-1.75,0.0,-3.1,-1.582117222178486,-1.3672280375572676,-0.3914803829168589,-0.04220926802866568,1,1
2015-03-31,-1.09,3.08,-0.38,0.07,-0.62,0.0,2.7,-1.5279167244003198,-1.4442955483033153,-0.346790711792992,-0.14363518513965098,1,1
2015-04-30,0.6,-3.01,1.8,0.05,-0.62,0.0,-7.27,-1.6600048222352863,-1.249303555640369,-0.5031776038076694,-0.7017347996659159,1,1
2015-05-31,1.38,0.82,-1.11,-1.76,-0.83,0.0,5.68,-1.6599973181809229,-1.414518843236117,-0.09258572649285941,0.08262851430012284,1,1
2015-06-30,-1.54,2.9,-0.82,0.35,-1.54,0.0,3.01,-1.6966276389642063,-1.2115537975526949,-0.19519067134511714,-0.05580697107306803,1,1
2015-07-31,1.57,-4.58,-4.16,0.31,-2.44,0.0,9.97,-1.8328414771062576,-0.9378935944901061,-0.39839323420931305,-0.42148981083437453,1,1
2015-08-31,-6.02,0.29,2.75,0.66,1.29,0.0,-2.16,-2.0434400892526483,-0.3628368333556149,-0.882319388226236,-0.545688217618113,1,1
2015-09-30,-3.06,-2.8,0.55,1.8,-0.59,0.0,5.24,-2.339759767638421,0.32648793524425956,-1.2776938538043328,-0.9168151971783793,1,1
2015-10-31,7.75,-2.06,-0.47,0.95,0.61,0.0,-3.19,-2.091044081432697,-0.5177912333912706,-0.8826389035447498,-0.3151039084442956,1,1
2015-11-30,0.57,3.3,-0.43,-2.65,-1.06,0.0,2.29,-1.9425942418768025,-0.5432799868366942,-0.7760775306340688,-0.30375405356195007,1,1
2015-12-31,-2.15,-2.95,-2.57,0.34,0.12,0.01,3.34,-2.011068441549639,-0.11972995711331193,-1.1104642421061515,-0.8855029000241662,1,1
2016-01-31,-5.74,-3.44,2.08,2.78,3.05,0.01,1.6,-2.1198982255258083,0.07168872643865301,-1.362327437463968,-0.3145908597008981,1,1
2016-02-29,-0.07,0.87,-0.61,3.31,1.94,0.02,-4.35,-2.3011883481747573,0.11878429209956072,-1.5565737184737538,-0.6093835662928655,1,1
2016-03-31,6.95,1.0,1.22,0.68,0.01,0.02,-5.04,-1.6905221409130378,-0.9987238912337266,-0.9058580722460283,0.2947813233178565,1,1
2016-04-30,0.91,1.23,3.22,-2.85,1.77,0.01,-5.98,-1.5396254883041087,-1.2620472322618255,-0.7530332629914386,0.44440349881337776,1,1
2016-05-31,1.78,-0.62,-1.62,-1.1,-2.54,0.01,1.47,-1.5017671862345798,-1.0779022769696076,-1.010696882675467,-0.10456733424148505,1,1
2016-06-30,-0.03,0.42,-1.49,1.45,1.9,0.02,4.2,-1.5920041469249253,-0.9558796150741011,-1.1283303177384603,0.245491004864406,1,1
2016-07-31,3.94,2.47,-1.24,1.31,-1.16,0.02,-3.31,-1.509841046725319,-1.15422387275153,-1.2542820666272858,-1.1188801288737928,1,1
2016-08-31,0.49,1.66,3.17,-1.85,-0.36,0.02,-3.41,-1.3343423819592557,-1.4814022090810846,-1.0054894549792492,-0.4461576238280866,1,1
2016-09-30,0.27,1.81,-1.19,-2.18,0.03,0.02,0.26,-1.3465641360371172,-1.4291832660912291,-0.9252418340193826,-0.0692137077441594,1,1
2016-10-31,-2.01,-4.02,4.11,0.99,0.25,0.02,0.51,-1.3201308132128993,-1.299764715477305,-0.9382897201004203,-0.15957608178150606,1,1
2016-11-30,4.85,6.96,8.29,-0.24,3.71,0.01,-4.77,-1.3231285197476423,-1.0561332614769248,-0.8645021900427574,-0.520548311075449,1,1
2016-12-31,1.81,0.44,3.47,1.24,-0.32,0.03,-0.27,-0.9721205011872869,-1.4119595282223583,-0.46034066202446045,-0.3339286010267231,1,1
2017-01-31,1.94,-1.44,-2.76,-0.51,-1.06,0.04,-0.93,-0.7854499216083727,-1.66721525547046,-0.37407519036262826,0.01511931568609555,1,1
2017-02-28,3.55,-2.3,-1.5,0.45,-1.8,0.04,-1.51,-0.8701387815303254,-1.42632723452889,-0.5712165619263185,-0.6633609388162015,1,1
2017-03-31,0.17,0.75,-3.33,0.63,-0.95,0.03,-0.97,-0.870043213729682,-1.1182839408765937,-0.8215272469040894,-1.3396157245263018,1,1
2017-04-30,1.08,0.41,-2.05,1.79,-1.6,0.05,0.48,-0.8243518901356416,-1.2778331815166168,-0.8411892261671636,-0.6812117227320714,1,1
2017-05-31,1.07,-2.99,-3.82,0.99,-1.66,0.06,1.5,-0.8308408290693817,-1.190201755771933,-0.9478119463090985,-1.4664680607810745,1,1
2017-06-30,0.78,2.52,1.5,-2.26,0.04,0.06,-0.1,-0.6199070617060952,-1.4339156178540486,-0.9691142104189754,-1.0512771527738858,1,1
2017-07-31,1.88,-1.64,-0.23,-0.75,-0.15,0.07,1.63,-0.5341117969115462,-1.5062036191391197,-0.837982188051101,-1.2041071340490366,1,1
2017-08-31,0.18,-1.83,-2.13,0.2,-2.38,0.09,3.31,-0.4310292975101712,-1.801953801091821,-0.681219282729676,-0.021789651403928856,1,1
2017-09-30,2.49,4.76,3.15,-1.54,1.63,0.09,-1.35,-0.2635971093958719,-2.1303255596864883,-0.5712889580852443,0.42107318483414863,1,1
2017-10-31,2.25,-1.91,0.13,0.92,-3.14,0.09,4.21,-0.30100253817631045,-1.7415862369062642,-0.8243462710992431,-1.0981005787979898,1,1
2017-11-30,3.12,-0.38,-0.09,3.19,-0.1,0.08,-0.94,-0.09836841354813329,-1.9563491515351645,-0.7725030116907942,-0.4615245573747725,1,1
2017-12-31,1.06,-1.05,0.05,0.73,1.79,0.09,-1.55,0.06036647734743039,-1.933362234835504,-0.8542508729227326,-0.6444117292095879,1,1
2018-01-31,5.58,-3.21,-1.32,-0.75,-1.05,0.11,4.08,0.30088466612308573,-1.9795071936742137,-0.7520704163992751,-0.047032775149657036,1,1
2018-02-28,-3.64,0.34,-1.1,0.53,-2.36,0.11,3.68,0.005811624123222001,-0.9515186910218529,-1.0200022456414792,0.2665292407182389,1,1
2018-03-31,-2.35,3.61,-0.21,-0.41,0.08,0.12,-1.2,-0.04586069335800359,-0.7854750854474958,-1.2441879690290207,-0.7678486245881232,1,1
2018-04-30,0.29,0.89,0.53,-2.42,1.24,0.14,0.45,0.16232471320434777,-0.9838999035857443,-1.1193876123093938,-0.04280009439062815,1,1
2018-05-31,2.63,4.71,-3.14,-1.98,-1.49,0.14,3.91,0.30077788254237436,-1.1896007943089137,-1.070230433367391,-0.4158724983617125,1,1
2018-06-30,0.49,0.77,-2.33,0.83,0.2,0.14,-2.26,0.22028506117147834,-1.0191283384471597,-1.1602773903898385,-0.8039270146435663,1,1
2018-07-31,3.2,-1.93,0.49,1.53,0.31,0.16,-1.43,0.34533070936402965,-1.0889746346101494,-1.2621934528682044,-0.8932080321479373,1,1
2018-08-31,3.46,0.65,-3.91,-0.29,-2.57,0.16,5.3,0.4384326465035026,-1.2578212672093432,-1.182000684694754,-0.6269669520566419,1,1
2018-09-30,0.06,-2.49,-1.62,0.65,1.36,0.15,-0.08,0.5324080873610977,-1.2587784816804497,-1.170197049703671,-0.4595941124328573,1,1
2018-10-31,-7.64,-4.38,3.38,1.03,3.6,0.19,-2.06,0.3703672093190438,-0.5200545274635524,-1.3495668073264482,-0.04522723937791903,1,1
2018-11-30,1.71,-0.81,0.36,-0.61,0.4,0.18,-1.4,0.12286563046705488,-0.07974672598081255,-1.630743500774564,-0.9244812739544395,1,1
2018-12-31,-9.55,-2.81,-1.92,-0.03,0.24,0.19,1.76,-0.10548381697419608,0.17402330907818794,-1.8440158098419879,-0.08292067263108258,1,1
2019-01-31,8.36,2.91,-0.39,-0.73,-1.65,0.21,-8.62,-0.11973711382070697,-0.18706982822197687,-1.7134100894132933,-0.8343926299877813,1,1
2019-02-28,3.42,1.72,-2.66,0.16,-1.54,0.18,0.5,0.29717176549971347,-1.0970277478795645,-1.3117814603954383,0.16469754297851702,1,1
2019-03-31,1.1,-3.52,-4.14,0.88,-0.9,0.19,2.24,0.31671505670010236,-1.262736111226822,-1.2732718581904132,0.3311183684469452,1,1
2019-04-30,3.97,-1.15,2.13,1.61,-2.18,0.21,-2.91,0.408221408023585,-1.5050952280578946,-1.2159010283684157,0.14833004368846453,1,1
2019-05-31,-6.92,-1.56,-2.45,-0.48,1.76,0.21,7.55,0.06054368664700624,-0.8226093977691524,-1.686374699057245,-0.7268286970006298,1,1
2019-06-30,6.92,0.37,-0.64,0.89,-0.42,0.18,-2.24,-0.21087235724845768,-0.8519718053024947,-1.7807723364923083,-0.9207000396304299,1,1
2019-07-31,1.22,-1.82,0.5,-0.13,0.37,0.19,2.92,0.11597245515872212,-1.5510876412801535,-1.410277503919633,-0.3051850370119905,1,1
2019-08-31,-2.55,-3.25,-4.77,0.53,-0.62,0.16,7.51,-0.2042451371999294,-1.1305362338571427,-1.9491623954709993,-0.3580621878082786,1,1
2019-09-30,1.42,0.29,6.76,1.82,3.38,0.18,-6.74,-0.04253610789956674,-1.4652818727394274,-1.8002964168833075,-0.37380649823727086,1,1
2019-10-31,2.07,0.25,-1.92,0.43,-1.03,0.15,0.13,-0.14317111555013348,-1.436251941516141,-1.6978442913300076,-0.025582237953867305,1,1
2019-11-30,3.87,0.39,-2.0,-1.64,-1.14,0.12,-2.54,-0.055706325101690594,-1.71789902899678,-1.5200772698818386,-0.15408530056448,1,1
2019-12-31,2.76,0.99,1.73,0.05,1.19,0.14,-2.22,-0.04133853215330862,-1.6453180562761829,-1.513272285481769,-0.16723060703083645,1,1
2020-01-31,-0.09,-4.37,-6.22,-1.19,-2.19,0.13,6.02,-0.3196551605013876,-0.7123657909687503,-1.9546628710033946,-0.4855929165268514,1,1
2020-02-29,-8.15,0.08,-3.82,-1.43,-2.53,0.12,-0.28,-0.6205476152096103,-0.1725970956163201,-2.400993716941247,-0.5342419032492565,1,1
2020-03-31,-13.35,-8.18,-13.83,-1.61,1.19,0.12,8.21,-3.248760346470876,3.5014887790490548,-3.9852042047365646,0.5628799728808792,2,1
2020-04-30,13.58,2.57,-1.34,2.76,-1.02,0.0,-5.48,-5.655463593369619,6.011743386027477,-1.2883762684033102,-1.7361524180032906,2,2
2020-05-31,5.59,1.92,-5.0,0.96,-3.16,0.01,0.16,-4.684447818615694,4.137120669409791,-0.8620771367950277,-0.19288214240137985,2,2
2020-06-30,2.44,1.95,-2.17,0.14,0.55,0.01,-0.83,-3.7840153904866316,3.065928851596224,-1.0499024315581549,1.576790120505097,2,2
2020-07-31,5.83,-3.19,-1.44,0.38,0.97,0.01,7.71,-1.9143916363857492,-3.8164534554995573,1.318522832872182,1.481364142016886,0,2
2020-08-31,7.62,-0.89,-3.02,4.27,-1.51,0.01,0.46,-1.5313646031981967,-4.166912564226915,0.8107552150870806,0.8776282749456292,0,0
2020-09-30,-3.64,-0.01,-2.72,-1.38,-1.93,0.01,3.19,-1.6418130994929783,-3.719630926400296,0.3916360026564467,0.8334334721436966,0,0
2020-10-31,-2.08,4.67,4.25,-0.77,-0.57,0.01,-3.14,-2.323229321207419,-0.3994551096024753,-1.2063322122204396,0.39603067993222324,0,0
2020-11-30,12.44,7.12,2.09,-2.25,1.28,0.01,-12.5,-2.010396034790446,-0.9431655932020511,-0.9519083382527331,0.39257219428677426,1,0
2020-12-31,4.63,4.93,-1.68,-1.97,-0.06,0.01,-2.37,-1.7670755125518725,-1.4410061811339492,-0.6214006883517201,0.7699737175371936,1,1
2021-01-31,-0.07,6.81,3.22,-3.65,4.97,0.0,4.31,-1.8318029945606744,-1.1878998317273959,-0.752899536930903,0.33164324994626143,1,1
2021-02-28,2.81,4.5,7.2,0.33,-1.99,0.0,-7.9,-1.7172359044952583,-1.4905478135721975,-0.4858830216821615,0.7024526021495929,1,1
2021-03-31,3.16,-0.84,7.35,6.35,3.52,0.0,-6.11,-1.6667906295724002,-1.6195574028204236,-0.14031607278299235,0.8199566623387721,1,1
2021-04-30,4.97,-3.16,-1.02,2.43,-2.72,0.0,1.23,-1.332547376942127,-2.3439551377406116,0.2351997239094311,1.1715175174539538,1,1
2021-05-31,0.29,1.27,7.04,2.34,3.01,0.0,0.56,-1.363587097344994,-2.189149274089036,0.042453187443756854,1.3146041680478668,1,1
2021-06-30,2.73,-0.3,-7.86,-2.14,-0.93,0.0,2.07,-1.1187320527407931,-2.669075837147536,0.2144697855034798,1.7430138481876554,1,1
2021-07-31,1.34,-4.55,-1.79,5.5,-0.59,0.0,-2.18,-1.269249606183023,-1.9285418762906512,-0.5632280330872672,0.5359605624242306,1,1
2021-08-31,2.95,-0.66,-0.23,-0.26,-1.72,0.0,2.63,-1.330618225098483,-1.7287085716597166,-0.8350575113112194,-0.0488207394365132,1,1
2021-09-30,-4.4,1.12,5.12,-1.92,2.0,0.0,1.39,-1.1828646246921717,-1.8225423258490236,-0.842785710860775,0.5703944967523374,1,1
2021-10-31,6.63,-2.7,-0.53,1.71,-1.54,0.0,3.32,-0.6195542336094099,-3.0445332946783625,-0.16386012632181618,2.194459874699135,1,1
2021-11-30,-1.58,-1.7,-0.37,7.19,1.7,0.0,0.96,-0.5634627388290327,-2.8480243362404583,-0.4775485143987834,1.7260316267478653,1,1
2021-12-31,3.24,-0.78,3.26,4.88,4.29,0.01,-2.39,-0.6003355479348947,-2.444437624047665,-0.9749537641492733,1.4724720133073883,1,1
2022-01-31,-6.15,-4.01,12.86,0.77,7.73,0.0,-2.42,-0.7716642437174592,-1.2972520710142277,-1.3003637737354947,1.353822835293181,1,1
2022-02-28,-2.28,2.86,3.06,-2.03,3.03,0.0,1.66,-0.6072699025946017,-1.154584770808302,-1.4780113154972074,2.080656084287265,1,1
2022-03-31,3.08,-2.11,-1.9,-1.5,3.21,0.0,2.94,-0.30939549841215647,-1.1993558739414771,-1.5035283788739917,2.898630365596085,1,1
2022-04-30,-9.41,-0.35,6.18,3.41,5.92,0.0,5.0,-0.10884255514171033,-0.6971268959590997,-1.5976546867113535,0.8208508734620913,1,1
2022-05-31,-0.33,-0.03,8.44,1.55,3.95,0.03,2.54,-0.021093723106285142,-0.7456248729016255,-1.3793720955513225,2.7789445191371316,1,1
2022-06-30,-8.4,1.33,-6.0,1.76,-4.58,0.06,1.09,0.5219678434898929,-1.218218657255468,-1.031769158172292,3.956058135168926,1,1
2022-07-31,9.56,1.78,-4.15,0.76,-6.85,0.08,-4.36,0.031465268150488584,0.05045812070279664,-2.133532586783569,-0.42059895090161625,1,1
2022-08-31,-3.77,1.49,0.18,-4.78,1.32,0.19,1.85,0.4271571057402037,-0.2230440870355414,-2.0184825420600023,-0.2093079423473601,1,1
2022-09-30,-9.34,-0.97,0.03,-1.37,-0.77,0.19,3.67,0.83224749250879,-0.12599421942776912,-1.7521505759926836,1.2056620473464723,1,1
2022-10-31,7.86,1.81,7.97,3.27,6.43,0.23,3.9,1.0716533681738778,0.13169509234609128,-1.615094380366307,1.7206002712561252,1,1
2022-11-30,4.69,-2.75,1.48,6.31,3.15,0.29,-1.7,1.3680542270886087,0.027976677279211198,-1.733473952283745,0.4183802982594052,1,1
2022-12-31,-6.38,-0.19,1.34,0.33,4.28,0.33,4.91,1.4210458503200747,0.04300398794902243,-1.9489403395106286,-0.3943518350153713,1,1
2023-01-31,6.59,4.39,-3.94,-2.42,-4.43,0.35,-16.1,1.7174428918286146,-0.6268263551105725,-1.5685920851546877,1.0811513820565724,1,1
2023-02-28,-2.57,0.58,-0.8,0.97,-1.51,0.34,0.54,1.888486431705987,-0.3821968695660915,-1.6276900689176377,0.5586469472565161,1,1
2023-03-31,2.49,-6.89,-9.05,2.28,-2.1,0.36,-2.35,1.4796727473562181,0.17583376979071483,-1.9305422260732275,-0.3158365371562584,1,1
2023-04-30,0.63,-2.57,-0.12,2.42,2.85,0.35,1.76,1.6700706894988464,-0.5656321694733054,-1.5843482379037106,0.6306717701457467,1,1
2023-05-31,0.33,-0.43,-7.79,-1.78,-7.08,0.36,-0.88,1.5091598154141614,-0.09823305077060167,-1.7125933976039773,-0.22490061504255715,1,1
2023-06-30,6.46,1.28,-0.13,2.32,-1.54,0.4,-2.69,2.0354486656469435,-0.5012863655407362,-1.6086563672847134,-0.1182852382865304,1,1
2023-07-31,3.21,2.86,4.06,-0.59,0.66,0.45,-4.06,2.234679723319864,-0.6232293543548598,-1.5786515910890568,-0.4401015659675651,1,1
2023-08-31,-2.36,-3.65,-1.15,3.39,-2.41,0.45,3.78,2.3416518638933255,-0.7568817571163453,-1.1567116608402206,0.645273939211636,1,1
2023-09-30,-5.23,-1.78,1.49,1.87,-0.77,0.43,0.32,2.3798342724949815,-0.7015644072063153,-1.022645530234616,0.4002746301787095,1,1
2023-10-31,-3.15,-4.03,0.2,2.43,-0.69,0.47,1.67,1.9880082981998148,0.22962326959595836,-1.0974169589994984,-0.4630134465785656,1,1
2023-11-30,8.88,-0.21,1.67,-3.74,-1.08,0.44,2.57,2.13694968811457,-0.30551989342975017,-1.1012638975462714,-0.5835498388117151,1,1
2023-12-31,4.85,7.27,4.89,-2.99,1.29,0.43,-5.54,2.134039923209392,-0.6982425626442847,-1.1052632520622918,-0.4531756572597635,1,1
2024-01-31,0.73,-5.71,-2.38,0.7,-0.97,0.47,5.41,2.067951086799209,-0.6373980462009972,-1.0354740348963822,-0.08592983466810242,1,1
2024-02-29,5.07,-0.8,-3.43,-1.91,-2.17,0.42,4.9,2.1981589462414197,-0.6575088552629197,-0.910891456857625,0.21141185307908383,1,1
2024-03-31,2.84,-1.19,4.16,1.46,1.14,0.43,-0.29,2.214350768737611,-0.6133616278394494,-0.9626035040398555,0.03857153312124763,1,1
2024-04-30,-4.65,-2.54,-0.45,1.49,-0.31,0.47,-0.39,2.2993091514535444,-0.4330477126090717,-0.9093013342078617,-0.07940465880425136,1,1
2024-05-31,4.32,0.6,-1.31,3.19,-2.85,0.44,-0.17,2.2182684268802784,-0.33766418004713383,-1.0084557374835952,-1.0653889836809585,1,1
2024-06-30,2.8,-4.33,-3.36,0.47,-1.8,0.41,0.86,2.1315847337906044,-0.3342947775317715,-1.080779551337306,-1.2039569306457873,1,1
2024-07-31,1.22,8.34,5.62,0.27,0.28,0.45,-2.35,1.9719794136538036,-0.3797159404788645,-0.9241462321681886,-0.6589766676486329,1,1
2024-08-31,1.61,-3.55,-1.1,0.75,0.82,0.48,4.81,1.5636570153441944,-0.15056134643152622,-1.0951483880255952,-0.17971089330239476,1,1
2024-09-30,1.73,-0.92,-2.77,0.18,-0.29,0.4,-0.62,1.4506265990889577,-0.43844704870278933,-0.9682170788050691,-0.14495661110544983,1,1
2024-10-31,-1.0,-0.88,0.86,-1.42,0.98,0.39,2.96,1.5438796188359911,-0.18360696502762436,-0.9377036773325752,-0.10479221014164303,1,1
2024-11-30,6.49,4.6,0.15,-2.3,-2.05,0.4,1.01,1.8024541056152439,-0.541043371955008,-0.6412780757967654,-0.1309734278370477,1,1
2024-12-31,-3.15,-3.83,-3.0,1.9,-1.21,0.37,-0.3,1.8008625649964183,-0.6491008628073797,-0.5812654917470259,0.02682566059807263,1,1
2025-01-31,2.8,-1.22,1.63,-2.32,-3.24,0.37,0.96,1.7082979029180918,-0.3708060354136144,-0.5193805627771474,0.3794469431117271,1,1
2025-02-28,-2.43,-4.91,4.91,1.1,3.06,0.33,-0.81,1.5570818701842373,-0.10631339490310032,-0.7791189291565673,-0.2959227190730963,1,1
2025-03-31,-6.39,-1.49,2.9,2.11,-0.47,0.34,-2.83,1.0703725157630404,0.6177924529622907,-1.1548890349017291,-0.8346684970726413,1,1
2025-04-30,-0.84,-1.86,-3.4,-2.85,-2.67,0.35,4.97,0.7198776474633906,1.0984265682622378,-1.2152559865684855,0.6945113356525564,1,1
2025-05-31,6.06,-0.72,-2.88,1.27,2.5,0.38,2.22,0.990643302146546,0.47543145577968926,-0.8989370472678212,-0.45176978870457174,1,1
