Date,Mkt-RF,SMB,HML,RMW,CMA,RF,Mom,VIX,2Y,10Y,YieldCurve,CreditSpread,FedFundsRate,Inflation_YoY,UnemploymentRate,GDP_YoY
1963-07-01,-0.39,-0.48,-0.81,0.64,-1.15,0.27,1.01,,,4.02,,0.8200000000000003,3.02,,5.6,9.1
1963-08-01,5.08,-0.8,1.7,0.4,-0.38,0.25,1.0,,,4.0,,0.8300000000000001,3.49,,5.4,9.1
1963-09-01,-1.57,-0.43,0.0,-0.78,0.15,0.27,0.12,,,4.08,,0.7599999999999998,3.48,,5.5,9.1
1963-10-01,2.54,-1.34,-0.04,2.79,-2.25,0.29,3.13,,,4.11,,0.7199999999999998,3.5,,5.5,2.6
1963-11-01,-0.86,-0.85,1.73,-0.43,2.27,0.27,-0.78,,,4.12,,0.7199999999999998,3.48,,5.7,2.6
1963-12-01,1.83,-1.89,-0.21,0.12,-0.25,0.29,1.84,,,4.13,,0.7199999999999998,3.38,,5.5,2.6
1964-01-01,2.27,0.1,1.63,0.21,1.48,0.3,1.02,,,4.17,,0.6600000000000001,3.48,,5.6,8.7
1964-02-01,1.55,0.33,2.81,0.11,0.81,0.26,0.33,,,4.15,,0.6799999999999997,3.48,,5.4,8.7
1964-03-01,1.41,1.41,3.29,-2.03,2.98,0.31,0.69,,,4.22,,0.6100000000000003,3.43,,5.4,8.7
1964-04-01,0.11,-1.48,-0.54,-1.32,-1.13,0.29,-0.64,,,4.23,,0.6199999999999992,3.47,,5.3,4.4
1964-05-01,1.41,-0.62,1.81,-0.15,0.13,0.26,2.53,,,4.2,,0.6499999999999995,3.5,,5.1,4.4
1964-06-01,1.27,0.13,0.68,-0.33,0.1,0.3,0.47,,,4.17,,0.6799999999999997,3.5,,5.2,4.4
1964-07-01,1.74,0.5,0.79,0.15,1.85,0.3,-0.38,,,4.19,,0.6399999999999997,3.42,1.0752688172043,4.9,6.4
1964-08-01,-1.44,0.29,0.07,0.15,0.31,0.28,-0.25,,,4.19,,0.6299999999999999,3.5,0.9756097560975618,5.0,6.4
1964-09-01,2.69,-0.34,1.72,-0.5,0.56,0.28,-0.39,,,4.2,,0.6200000000000001,3.45,1.171875,5.1,6.4
1964-10-01,0.6,0.9,1.08,-0.2,0.52,0.29,0.19,,,4.19,,0.6199999999999992,3.36,1.2032520325203189,5.1,1.2
1964-11-01,-0.01,-0.24,-2.04,0.71,-0.16,0.29,1.1,,,4.15,,0.6599999999999993,3.52,1.3970110461338558,4.8,1.2
1964-12-01,0.04,-0.65,-2.43,0.95,-1.55,0.31,-0.69,,,4.18,,0.6299999999999999,3.85,1.1981865284974136,5.0,1.2
1965-01-01,3.54,2.5,0.36,0.94,-0.02,0.28,-1.38,,,4.19,,0.6099999999999994,3.9,1.098901098901095,4.9,10.0
1965-02-01,0.44,3.24,0.22,0.26,-0.62,0.3,0.24,,,4.21,,0.5700000000000003,3.98,1.1970236169524415,5.1,10.0
1965-03-01,-1.34,2.08,1.15,-0.29,0.65,0.36,0.17,,,4.21,,0.5700000000000003,4.05,1.195862960568839,4.7,10.0
1965-04-01,3.11,1.14,0.73,0.29,-2.27,0.31,2.53,,,4.2,,0.5999999999999996,4.09,1.3893376413570246,4.8,5.2
1965-05-01,-0.78,0.05,-1.55,-0.42,0.59,0.31,0.55,,,4.21,,0.5999999999999996,4.1,1.61394448030987,4.6,5.2
1965-06-01,-5.51,-4.2,0.23,0.24,0.43,0.35,-3.18,,,4.21,,0.6399999999999997,4.05,1.9348597226700903,4.6,5.2
1965-07-01,1.44,1.1,2.19,-1.41,-0.08,0.31,4.09,,,4.2,,0.6799999999999997,4.09,1.8052869116698789,4.4,9.2
1965-08-01,2.73,2.77,-0.98,2.03,-0.81,0.33,2.58,,,4.25,,0.6299999999999999,4.12,1.6103059581320522,4.4,9.2
1965-09-01,2.86,0.7,-0.14,-0.85,0.73,0.31,3.29,,,4.29,,0.6200000000000001,4.02,1.737451737451745,4.3,9.2
1965-10-01,2.6,3.45,1.55,1.19,-0.76,0.31,3.45,,,4.35,,0.5800000000000001,4.08,1.7030848329048665,4.2,9.5
1965-11-01,-0.03,5.22,0.16,-1.08,-0.87,0.35,4.4,,,4.45,,0.5,4.1,1.7302146747837144,4.1,9.5
1965-12-01,1.01,2.62,2.15,-1.3,-0.55,0.33,-0.1,,,4.62,,0.3999999999999994,4.32,1.9200000000000104,4.0,9.5
1966-01-01,0.72,4.85,3.27,-2.65,-0.26,0.38,5.28,,,4.61,,0.4499999999999993,4.42,1.9181585677749304,4.0,10.1
1966-02-01,-1.21,4.79,0.38,-0.16,-1.45,0.35,4.58,,,4.83,,0.29,4.6,2.557544757033248,3.8,10.1
1966-03-01,-2.51,0.21,-2.13,1.29,-0.05,0.38,1.47,,,4.87,,0.4500000000000002,4.66,2.778664963270528,3.8,10.1
1966-04-01,2.13,3.33,-0.36,0.42,-0.92,0.34,5.88,,,4.75,,0.6600000000000001,4.67,2.8680688336520044,3.8,1.4
1966-05-01,-5.67,-5.11,-1.6,1.64,-1.48,0.41,-4.71,,,4.78,,0.7000000000000002,4.9,2.763659466327839,3.9,1.4
1966-06-01,-1.44,1.32,0.49,0.08,0.79,0.38,3.23,,,4.81,,0.7700000000000005,5.17,2.4359379943056148,3.8,1.4
1966-07-01,-1.63,-0.38,0.91,-0.38,1.74,0.35,-1.3,,,5.02,,0.6600000000000001,5.3,2.754908169727699,3.8,3.4
1966-08-01,-7.94,-3.15,0.5,-0.64,0.77,0.41,-2.21,,,5.22,,0.6100000000000003,5.53,3.4865293185419866,3.8,3.4
1966-09-01,-1.06,-1.02,0.48,-1.19,2.35,0.4,-1.86,,,5.18,,0.91,5.4,3.5736875395319334,3.7,3.4
1966-10-01,3.86,-6.48,2.74,-3.91,4.23,0.45,-5.2,,,5.01,,1.09,5.53,3.791469194312813,3.7,3.3
1966-11-01,1.38,3.34,-4.63,4.66,-6.51,0.4,5.73,,,5.16,,0.9699999999999998,5.76,3.5590551181102548,3.6,3.3
1966-12-01,0.13,1.88,-0.95,0.17,-0.16,0.4,0.99,,,4.84,,1.34,5.4,3.3594976452119285,3.8,3.3
1967-01-01,8.15,8.98,2.36,1.29,-3.06,0.43,-7.0,,,4.58,,1.3899999999999997,4.94,3.19949811794229,3.9,3.6
1967-02-01,0.77,3.01,-2.26,1.66,-0.93,0.36,3.51,,,4.63,,1.1900000000000004,5.0,2.8678304239401653,3.8,3.6
1967-03-01,4.0,1.77,0.47,0.82,-1.5,0.39,1.39,,,4.54,,1.3099999999999996,4.53,2.5481665630826544,3.8,3.6
1967-04-01,3.89,0.43,-2.29,3.09,-3.72,0.32,0.52,,,4.59,,1.2400000000000002,4.05,2.5402726146220638,3.8,0.2
1967-05-01,-4.32,2.45,0.8,-1.19,1.62,0.33,0.66,,,4.85,,1.1100000000000003,3.94,2.3183925811437467,3.8,0.2
1967-06-01,2.42,6.42,0.8,-0.84,-2.49,0.27,6.01,,,5.02,,1.1300000000000008,3.98,2.841260037059889,3.9,0.2
1967-07-01,4.58,3.58,2.75,0.45,2.66,0.32,-1.1,,,5.16,,1.0999999999999996,3.79,2.9275808936825687,3.8,3.8
1967-08-01,-0.9,0.77,1.43,0.3,1.35,0.31,-1.32,,,5.28,,1.0499999999999998,3.9,2.6033690658499253,3.8,3.8
1967-09-01,3.11,2.43,-2.47,0.22,-0.93,0.32,2.39,,,5.3,,1.1000000000000003,3.99,2.595419847328251,3.8,3.8
1967-10-01,-3.08,0.57,-3.29,0.97,-2.74,0.39,3.68,,,5.48,,1.0399999999999991,3.88,2.587519025875196,4.0,3.1
1967-11-01,0.37,-0.06,-1.71,1.31,-2.28,0.36,1.22,,,5.75,,0.9699999999999998,4.13,3.10218978102188,3.9,3.1
1967-12-01,3.05,5.59,-0.54,-0.74,-0.03,0.33,3.2,,,5.7,,1.2299999999999995,4.51,3.280680437424044,3.8,3.1
1968-01-01,-4.03,4.68,4.85,-4.89,6.46,0.4,-4.46,,,5.53,,1.3099999999999996,4.61,3.647416413373872,3.7,8.4
1968-02-01,-3.74,-2.92,1.23,-0.08,2.46,0.39,-3.34,,,5.56,,1.2400000000000002,4.71,3.6363636363636376,3.8,8.4
1968-03-01,0.21,-1.55,-0.63,1.07,-1.15,0.38,3.19,,,5.74,,1.1099999999999994,5.05,3.939393939393932,3.7,8.4
1968-04-01,9.01,6.17,-1.1,2.79,-3.73,0.43,5.11,,,5.64,,1.33,5.76,3.92749244712991,3.5,6.9
1968-05-01,2.28,6.97,0.82,0.49,-1.92,0.45,3.75,,,5.87,,1.16,6.12,4.229607250755274,3.5,6.9
1968-06-01,0.7,-0.33,0.66,-1.56,2.8,0.43,-2.09,,,5.72,,1.3500000000000003,6.07,4.2042042042042205,3.7,6.9
1968-07-01,-2.69,-1.39,5.31,-3.18,3.79,0.48,-0.89,,,5.5,,1.4800000000000004,6.03,4.491017964071853,3.7,3.1
1968-08-01,1.35,2.33,0.99,-0.66,0.47,0.42,1.9,,,5.42,,1.4000000000000004,6.03,4.477611940298498,3.5,3.1
1968-09-01,4.05,2.81,0.3,-1.94,0.87,0.43,-0.64,,,5.46,,1.33,5.78,4.464285714285721,3.4,3.1
1968-10-01,0.44,-0.43,2.82,-1.36,2.84,0.44,-1.46,,,5.58,,1.2599999999999998,5.91,4.7477744807121525,3.4,1.6
1968-11-01,5.42,2.39,-0.96,0.44,-2.51,0.42,1.74,,,5.7,,1.3099999999999996,5.82,4.424778761061954,3.4,1.6
1968-12-01,-3.93,3.55,0.04,-1.91,1.93,0.43,0.32,,,6.03,,1.2000000000000002,6.02,4.705882352941182,3.4,1.6
1969-01-01,-1.25,-0.42,1.66,-1.52,1.29,0.53,-0.15,,,6.04,,1.2800000000000002,6.3,4.692082111436946,3.4,6.4
1969-02-01,-5.86,-4.16,0.89,1.99,0.75,0.46,-2.55,,,6.19,,1.1099999999999994,6.61,4.678362573099393,3.4,6.4
1969-03-01,2.67,-0.51,-0.42,-1.34,-0.44,0.46,4.06,,,6.3,,1.21,6.79,5.247813411078739,3.4,6.4
1969-04-01,1.47,-0.78,0.02,0.28,-0.16,0.53,1.24,,,6.17,,1.37,7.41,5.523255813953476,3.4,1.2
1969-05-01,-0.1,-0.18,0.62,-0.87,1.05,0.48,1.81,,,6.32,,1.1999999999999993,8.67,5.507246376811592,3.4,1.2
1969-06-01,-7.19,-5.47,-1.1,4.27,-1.63,0.51,-2.31,,,6.57,,1.13,8.9,5.475504322766556,3.5,1.2
1969-07-01,-7.0,-3.39,1.18,1.51,1.84,0.53,1.82,,,6.72,,1.12,8.61,5.4441260744985565,3.5,2.7
1969-08-01,4.69,0.58,-3.75,1.06,-3.98,0.5,2.14,,,6.69,,1.17,9.19,5.428571428571427,3.5,2.7
1969-09-01,-2.97,1.29,-3.22,3.36,-0.62,0.62,2.43,,,7.16,,0.8900000000000006,9.15,5.698005698005693,3.7,2.7
1969-10-01,5.05,3.91,-3.12,0.08,-2.08,0.6,-4.36,,,7.1,,1.120000000000001,9.0,5.665722379603411,3.7,-1.9
1969-11-01,-3.8,-2.42,-1.25,1.4,0.21,0.52,3.67,,,7.14,,1.1100000000000003,8.85,5.932203389830515,3.5,-1.9
1969-12-01,-2.63,-3.72,-2.88,2.55,-1.92,0.64,5.27,,,7.65,,1.0,8.97,5.89887640449438,3.5,-1.9
1970-01-01,-8.11,3.08,3.17,-1.75,3.96,0.6,0.56,,,7.79,,1.0699999999999994,8.98,6.162464985994376,3.9,-0.6
1970-02-01,5.14,-2.57,3.69,-2.41,2.87,0.62,0.27,,,7.24,,1.5399999999999991,8.98,6.424581005586605,4.2,-0.6
1970-03-01,-1.06,-2.42,4.08,-1.06,4.42,0.57,-0.36,,,7.07,,1.5600000000000005,7.76,6.094182825484751,4.4,-0.6
1970-04-01,-10.99,-6.34,6.14,-0.63,5.9,0.5,-0.83,,,7.39,,1.3099999999999996,8.1,6.060606060606077,4.6,0.6
1970-05-01,-6.91,-4.46,3.32,-1.29,3.79,0.53,-2.66,,,7.91,,1.0700000000000005,7.95,6.043956043956045,4.8,0.6
1970-06-01,-5.8,-2.1,0.44,0.14,2.71,0.58,5.64,,,7.84,,1.41,7.61,6.010928961748618,4.9,0.6
1970-07-01,6.92,-0.66,0.93,-0.3,1.72,0.52,-3.12,,,7.46,,1.9400000000000004,7.21,5.706521739130444,5.0,3.7
1970-08-01,4.5,1.44,1.41,0.57,-0.14,0.53,-6.68,,,7.53,,1.9099999999999997,6.62,5.691056910569103,5.1,3.7
1970-09-01,4.18,8.5,-5.41,0.25,-5.98,0.54,-8.64,,,7.39,,2.000000000000001,6.29,5.660377358490565,5.4,3.7
1970-10-01,-2.28,-4.36,0.21,1.81,2.25,0.46,9.45,,,7.33,,2.0,6.2,5.630026809651478,5.5,-4.2
1970-11-01,4.62,-3.88,1.58,1.53,1.39,0.46,2.59,,,6.84,,2.540000000000001,5.6,5.600000000000005,5.9,-4.2
1970-12-01,5.74,2.89,1.04,0.28,0.3,0.42,-2.3,,,6.39,,2.7299999999999995,4.9,5.570291777188308,6.1,-4.2
1971-01-01,4.83,7.44,1.55,-2.02,-0.06,0.38,-6.86,,,6.24,,2.5,4.14,5.277044854881274,5.9,11.3
1971-02-01,1.41,2.01,-1.24,0.64,-0.8,0.33,0.82,,,6.11,,2.28,3.72,4.724409448818889,5.9,11.3
1971-03-01,4.12,2.22,-3.95,1.78,-2.65,0.3,-1.4,,,5.7,,2.7600000000000007,3.71,4.438642297650142,6.0,11.3
1971-04-01,3.15,-0.36,0.86,-1.46,0.85,0.28,1.36,,,5.83,,2.619999999999999,4.16,4.155844155844157,5.9,2.2
1971-05-01,-4.0,-1.12,-1.33,1.49,0.2,0.29,0.93,,,6.39,,2.2299999999999995,4.63,4.404145077720201,5.9,2.2
1971-06-01,-0.09,-1.51,-1.97,1.58,-1.67,0.37,2.69,,,6.52,,2.2300000000000004,4.91,4.381443298969079,5.9,2.2
1971-07-01,-4.49,-1.43,-0.02,0.58,1.39,0.4,-2.32,,,6.73,,2.03,5.31,4.370179948586128,6.0,3.3
1971-08-01,3.79,-0.23,2.64,-0.43,2.59,0.47,3.44,,,6.58,,2.18,5.57,4.358974358974366,6.1,3.3
1971-09-01,-0.86,0.26,-2.9,2.54,-1.58,0.37,2.1,,,6.14,,2.45,5.55,4.081632653061207,6.0,3.3
1971-10-01,-4.42,-1.59,-0.51,1.56,-1.39,0.37,0.5,,,5.93,,2.5500000000000007,5.2,3.8071065989847774,5.8,0.9
1971-11-01,-0.46,-2.86,-1.67,2.41,-0.44,0.37,1.51,,,5.81,,2.570000000000001,4.91,3.535353535353525,6.0,0.9
1971-12-01,8.71,3.24,-0.38,-0.43,-1.68,0.37,-0.62,,,5.93,,2.450000000000001,4.14,3.266331658291466,6.0,0.9
1972-01-01,2.47,6.09,2.12,-1.69,0.54,0.29,0.07,,,5.95,,2.28,3.51,3.2581453634085378,5.8,7.6
1972-02-01,2.87,0.87,-2.83,1.69,-0.5,0.25,2.53,,,6.08,,2.1500000000000004,3.3,3.759398496240607,5.7,7.6
1972-03-01,0.62,-0.47,-1.61,1.58,-0.2,0.27,2.94,,,6.07,,2.17,3.83,3.499999999999992,5.8,7.6
1972-04-01,0.29,0.27,0.03,-0.41,-1.06,0.29,2.79,,,6.19,,2.05,4.17,3.4912718204488824,5.7,9.4
1972-05-01,1.29,-3.12,-2.72,2.4,-1.97,0.3,3.33,,,6.13,,2.1000000000000005,4.27,3.2258064516129226,5.7,9.4
1972-06-01,-2.46,-0.43,-2.46,1.78,-0.35,0.29,1.9,,,6.11,,2.089999999999999,4.46,2.9629629629629672,5.7,9.4
1972-07-01,-0.8,-2.79,0.6,1.2,-0.71,0.31,2.68,,,6.11,,2.12,4.55,2.9556650246305383,5.6,3.8
1972-08-01,3.27,-3.46,4.56,-2.04,2.9,0.29,-5.36,,,6.21,,1.9799999999999995,4.81,2.9484029484029284,5.6,3.8
1972-09-01,-1.14,-2.24,0.49,1.65,-1.97,0.34,1.83,,,6.55,,1.54,4.87,3.1862745098039325,5.5,3.8
1972-10-01,0.52,-2.55,1.22,-0.11,0.03,0.4,0.7,,,6.48,,1.58,5.05,3.1784841075794823,5.6,6.9
1972-11-01,4.59,-0.59,4.88,-1.98,3.34,0.37,-5.08,,,6.28,,1.71,5.06,3.4146341463414664,5.3,6.9
1972-12-01,0.62,-1.89,-2.18,2.58,-2.14,0.37,4.95,,,6.36,,1.5699999999999994,5.33,3.406326034063256,5.2,6.9
1973-01-01,-3.28,-2.82,2.7,0.4,0.9,0.44,3.8,,,6.46,,1.4400000000000004,5.94,3.640776699029136,4.9,10.3
1973-02-01,-4.85,-3.94,1.64,-0.29,0.05,0.42,2.22,,,6.64,,1.33,6.58,3.864734299516903,5.0,10.3
1973-03-01,-1.3,-2.29,2.57,-0.96,0.5,0.46,3.55,,,6.71,,1.3199999999999994,7.09,4.830917874396135,4.9,10.3
1973-04-01,-5.68,-2.92,5.39,-1.55,2.52,0.52,6.35,,,6.67,,1.42,7.12,5.301204819277117,5.0,4.4
1973-05-01,-2.97,-6.12,0.38,1.97,-1.7,0.51,7.19,,,6.85,,1.2100000000000009,7.84,5.528846153846145,4.9,4.4
1973-06-01,-1.57,-2.48,1.14,-0.2,0.09,0.51,4.33,,,6.9,,1.2300000000000004,8.49,5.995203836930463,4.9,4.4
1973-07-01,5.04,7.19,-5.26,-0.09,-3.23,0.64,-11.6,,,7.13,,1.1100000000000003,10.4,5.741626794258381,4.8,-2.1
1973-08-01,-3.82,-1.78,1.03,-1.32,1.24,0.7,3.59,,,7.4,,1.129999999999999,10.5,7.398568019093088,4.8,-2.1
1973-09-01,4.74,3.58,2.22,-2.22,1.73,0.68,-6.98,,,7.09,,1.540000000000001,10.78,7.3634204275534465,4.8,-2.1
1973-10-01,-0.83,-0.27,1.66,-1.99,2.73,0.65,6.78,,,6.79,,1.62,10.01,8.056872037914697,4.6,3.9
1973-11-01,-12.79,-7.27,4.09,-2.77,1.66,0.56,8.93,,,6.73,,1.6899999999999995,10.03,8.25471698113207,4.8,3.9
1973-12-01,0.59,-4.72,4.01,-2.89,2.44,0.64,10.1,,,6.74,,1.7400000000000002,9.95,8.94117647058823,4.9,3.9
1974-01-01,-0.16,10.39,5.95,-2.92,4.49,0.63,-8.92,,,6.99,,1.4900000000000002,9.65,9.601873536299754,5.1,-3.4
1974-02-01,-0.46,0.12,2.47,-1.85,2.67,0.58,0.37,,,6.96,,1.5699999999999994,8.97,9.999999999999986,5.2,-3.4
1974-03-01,-2.82,2.62,-0.14,2.9,0.44,0.56,-1.0,,,7.21,,1.4099999999999993,9.35,10.138248847926269,5.1,-3.4
1974-04-01,-5.28,-0.66,0.92,2.71,2.14,0.75,2.06,,,7.51,,1.3599999999999994,10.51,10.068649885583516,5.1,1.0
1974-05-01,-4.7,-3.06,-2.08,5.01,-0.33,0.75,-0.29,,,7.58,,1.4700000000000006,11.31,10.70615034168565,5.1,1.0
1974-06-01,-2.84,-0.05,0.83,0.5,2.98,0.6,2.32,,,7.54,,1.7299999999999995,11.93,10.859728506787311,5.4,1.0
1974-07-01,-8.06,1.84,5.16,-3.2,4.5,0.7,3.0,,,7.81,,1.6700000000000008,12.92,11.53846153846152,5.5,-3.7
1974-08-01,-9.39,0.28,2.61,-0.29,2.59,0.6,3.03,,,8.04,,1.7300000000000004,12.01,10.888888888888882,5.5,-3.7
1974-09-01,-11.78,1.47,5.43,-4.33,5.82,0.81,4.24,,,8.04,,2.140000000000001,11.34,11.94690265486724,5.9,-3.7
1974-10-01,16.1,-6.78,-9.91,-0.29,-2.91,0.51,-0.53,,,7.9,,2.58,10.06,11.842105263157896,6.0,-1.5
1974-11-01,-4.53,-1.41,-0.25,-3.42,2.9,0.54,2.2,,,7.68,,2.92,9.45,12.200435729847502,6.6,-1.5
1974-12-01,-3.45,-4.27,0.12,-0.76,3.38,0.7,2.98,,,7.43,,3.200000000000001,8.53,12.095032397408213,7.2,-1.5
1975-01-01,13.67,12.88,8.26,-0.54,-1.05,0.58,-13.8,,,7.5,,3.3100000000000005,7.13,11.752136752136757,8.1,-4.8
1975-02-01,5.56,-0.69,-4.47,1.17,-2.11,0.43,-0.58,,,7.39,,3.2600000000000007,6.24,11.205073995771686,8.1,-4.8
1975-03-01,2.66,3.97,2.42,1.25,-1.34,0.41,-2.07,,,7.73,,2.75,5.54,10.460251046025103,8.6,-4.8
1975-04-01,4.22,-0.69,-1.13,1.39,-1.37,0.44,1.51,,,8.23,,2.35,5.49,10.187110187110182,8.8,2.9
1975-05-01,5.2,2.98,-4.05,-1.13,-0.56,0.44,-0.58,,,8.06,,2.629999999999999,5.22,9.259259259259256,9.0,2.9
1975-06-01,4.87,1.33,1.35,-2.7,1.07,0.41,-0.04,,,7.86,,2.759999999999999,5.55,9.183673469387754,8.8,2.9
1975-07-01,-6.6,3.4,1.76,0.45,1.24,0.48,0.34,,,8.06,,2.49,6.1,9.533468559837743,8.6,7.0
1975-08-01,-2.84,-2.77,-0.91,1.09,-0.99,0.48,-0.16,,,8.4,,2.1899999999999995,6.14,8.617234468937895,8.4,7.0
1975-09-01,-4.26,-0.02,0.33,0.58,0.57,0.53,0.4,,,8.43,,2.18,6.24,7.905138339920947,8.4,7.0
1975-10-01,5.32,-4.25,0.35,-0.52,2.28,0.56,-0.22,,,8.14,,2.479999999999998,5.82,7.647058823529407,8.4,5.5
1975-11-01,2.65,-1.1,2.03,-0.66,1.74,0.41,-0.5,,,8.05,,2.51,5.22,7.37864077669903,8.3,5.5
1975-12-01,-1.6,-0.16,1.7,-0.11,0.77,0.48,-0.1,,,8.0,,2.5600000000000005,5.2,7.129094412331405,8.2,5.5
1976-01-01,12.16,6.39,8.63,-1.75,2.33,0.47,4.37,,,7.74,,2.67,4.87,6.692160611854692,7.9,9.3
1976-02-01,0.32,7.91,5.71,-2.55,3.7,0.34,0.38,,,7.79,,2.45,4.77,6.273764258555126,7.7,9.3
1976-03-01,2.32,-1.38,-0.11,-0.38,0.99,0.4,0.22,,,7.73,,2.389999999999999,4.84,6.060606060606055,7.6,9.3
1976-04-01,-1.48,0.1,-0.16,0.45,-1.05,0.42,0.53,,,7.56,,2.38,4.82,5.849056603773595,7.7,3.0
1976-05-01,-1.35,-1.09,-1.29,2.43,-1.39,0.37,-1.07,,,7.9,,1.959999999999999,5.29,6.214689265536721,7.4,3.0
1976-06-01,4.05,-1.07,0.73,-0.67,1.02,0.43,-0.44,,7.06,7.86,0.8013636363636363,2.03,5.48,1.5056465268977717,7.6,3.0
1976-07-01,-1.06,0.61,1.74,-1.03,0.3,0.47,-0.15,,6.85,7.83,0.981904761904762,1.99,5.31,0.2886002886002916,7.8,2.2
1976-08-01,-0.57,-2.02,0.79,-0.4,-0.57,0.42,-0.78,,6.63,7.77,1.1372727272727272,1.870000000000001,5.29,0.2745995423340969,7.8,2.2
1976-09-01,2.04,0.2,-0.31,0.98,-1.14,0.44,0.2,,6.42,7.59,1.178095238095238,1.8100000000000005,5.25,0.2855782960495096,7.6,2.2
1976-10-01,-2.42,0.05,-0.17,-0.19,-0.37,0.41,-0.43,,5.98,7.41,1.427,1.879999999999999,5.02,0.2976190476190434,7.7,2.9
1976-11-01,0.37,2.7,1.53,-1.31,0.07,0.4,2.82,,5.81,7.29,1.4810526315789474,1.9400000000000004,4.95,0.1884126236457809,7.8,2.9
1976-12-01,5.65,3.6,2.23,-0.72,2.41,0.4,0.73,,5.38,6.87,1.4922727272727272,2.249999999999999,4.65,0.2694005837012664,7.8,2.9
1977-01-01,-4.04,5.91,4.32,-0.54,1.93,0.36,4.05,,5.9,7.21,1.3138095238095238,1.87,4.61,0.2801992528019967,7.5,4.8
1977-02-01,-1.94,1.05,0.45,-0.21,-0.19,0.35,0.34,,6.09,7.39,1.3026315789473684,1.7299999999999995,4.68,0.6132879045996598,7.6,4.8
1977-03-01,-1.35,1.29,1.09,-0.32,-0.11,0.38,0.68,,6.09,7.46,1.3734782608695653,1.6599999999999993,4.69,0.2639489698658329,7.4,4.8
1977-04-01,0.15,0.6,3.38,-1.98,1.04,0.38,4.19,,5.96,7.37,1.407,1.7000000000000002,4.73,0.3835091083413162,7.2,8.0
1977-05-01,-1.47,1.37,0.81,0.43,0.22,0.37,2.01,,6.25,7.46,1.2019047619047618,1.5499999999999998,5.35,0.1739130434782649,7.0,8.0
1977-06-01,4.72,2.1,-0.62,0.91,-1.27,0.4,1.6,,6.13,7.28,1.1481818181818182,1.63,5.39,0.2718212020537589,7.2,8.0
1977-07-01,-1.69,1.81,-0.6,0.75,0.12,0.42,0.38,,6.27,7.33,1.055263157894737,1.5399999999999991,5.42,0.2833530106257293,6.9,7.4
1977-08-01,-1.76,0.93,-2.77,1.04,-0.67,0.44,-1.63,,6.61,7.4,0.7852173913043478,1.42,5.9,0.2574370709382224,7.0,7.4
1977-09-01,-0.27,1.62,-0.26,0.92,-0.65,0.43,2.1,,6.71,7.34,0.6295238095238096,1.4600000000000009,6.14,0.1785448593959197,6.8,7.4
1977-10-01,-4.39,1.41,1.62,-0.09,-0.46,0.49,-0.12,,7.11,7.52,0.4175,1.370000000000001,6.47,0.266943496959819,6.8,0.0
1977-11-01,4.02,3.6,0.23,-0.06,0.68,0.5,2.14,,7.14,7.58,0.4347368421052631,1.3699999999999992,6.51,0.3541912632821755,6.8,0.0
1977-12-01,0.27,1.61,-0.29,0.93,-0.66,0.49,1.59,,7.18,7.69,0.5085714285714286,1.2999999999999998,6.56,0.2639296187683306,6.4,0.0
1978-01-01,-5.99,2.76,3.38,-1.8,1.56,0.49,-0.58,,7.49,7.96,0.4704761904761904,1.21,6.7,0.3349849954637539,6.4,1.3
1978-02-01,-1.39,3.7,0.81,0.3,1.05,0.46,1.96,,7.57,8.03,0.4683333333333333,1.17,6.78,0.2870813397129135,6.3,1.3
1978-03-01,2.85,3.65,1.15,-0.57,2.0,0.53,1.45,,7.58,8.04,0.4609090909090909,1.1800000000000015,6.79,0.3312629399585909,6.3,1.3
1978-04-01,7.87,-0.32,-3.54,2.87,-1.27,0.54,0.49,,7.74,8.15,0.4105,1.17,6.89,0.4506534474988705,6.1,16.4
1978-05-01,1.76,4.54,-0.55,0.2,0.29,0.51,2.77,,8.01,8.35,0.3395238095238095,1.1400000000000006,7.36,0.4898958971218571,6.0,16.4
1978-06-01,-1.69,1.64,0.6,-1.41,-0.12,0.54,2.78,,8.24,8.46,0.2227272727272727,1.1399999999999988,7.6,0.4228329809725166,5.9,16.4
1978-07-01,5.12,0.17,-1.0,1.47,-0.73,0.56,4.19,,8.49,8.64,0.1505,0.9599999999999992,7.81,0.4195804195804181,6.2,4.1
1978-08-01,3.79,4.93,-0.66,1.57,0.5,0.56,3.0,,8.37,8.41,0.0443478260869565,1.0700000000000005,8.04,0.3186193162960533,5.9,4.1
1978-09-01,-1.45,-0.38,1.88,-0.69,1.57,0.62,-3.2,,8.57,8.42,-0.149,1.0,8.45,0.5202688055495334,6.0,4.1
1978-10-01,-11.91,-10.04,1.26,0.17,1.14,0.68,-8.42,,8.85,8.64,-0.2114285714285714,0.9499999999999992,8.96,0.4707420725727327,5.8,5.5
1978-11-01,2.72,2.9,-2.08,1.09,-1.19,0.7,5.45,,9.42,8.81,-0.6195,1.0199999999999996,9.76,0.3251591925213444,5.9,5.5
1978-12-01,0.88,1.01,-2.14,2.01,-1.47,0.78,3.01,,9.72,9.01,-0.709,0.9299999999999996,10.03,0.3386243386243492,6.0,5.5
1979-01-01,4.22,3.74,2.19,-2.4,1.58,0.77,-1.43,,9.86,9.1,-0.7604545454545455,1.0300000000000011,10.07,0.4610360504578327,5.9,0.7
1979-02-01,-3.56,0.53,1.17,-1.11,0.96,0.73,-0.99,,9.72,9.1,-0.6183333333333333,0.9800000000000004,10.06,0.6131386861313848,5.9,0.7
1979-03-01,5.67,3.17,-0.68,0.54,0.29,0.81,2.91,,9.79,9.12,-0.6722727272727272,1.1400000000000006,10.09,0.5517603783499818,5.8,0.7
1979-04-01,-0.07,2.4,1.12,1.14,0.24,0.8,0.87,,9.78,9.18,-0.5965,1.1500000000000004,10.01,0.5462348809988243,5.8,0.4
1979-05-01,-2.21,0.18,1.32,-1.56,-0.31,0.82,-0.55,,9.78,9.25,-0.5314285714285715,1.2200000000000006,10.24,0.5912058135238434,5.6,0.4
1979-06-01,3.84,0.94,1.42,-1.58,-0.56,0.81,0.77,,9.22,8.91,-0.3066666666666667,1.4700000000000006,10.29,0.6402561024409741,5.7,0.4
1979-07-01,0.83,1.27,1.79,-0.44,0.52,0.77,-1.07,,9.14,8.95,-0.1876190476190476,1.34,10.47,0.5781042996507232,5.7,3.0
1979-08-01,5.54,1.85,-1.58,1.5,-1.46,0.77,-0.29,,9.46,9.03,-0.4291304347826086,1.3200000000000005,10.94,0.5002977963073324,6.0,3.0
1979-09-01,-0.83,-0.28,-0.94,0.84,0.5,0.83,5.28,,10.06,9.33,-0.7215789473684211,1.209999999999999,11.43,0.5427408412483078,5.9,3.0
1979-10-01,-8.1,-3.49,-1.83,0.96,0.14,0.87,2.04,,11.49,10.3,-1.1904545454545454,1.0999999999999996,13.77,0.5610098176718088,6.0,1.0
1979-11-01,5.23,2.51,-3.21,-0.03,-1.83,0.99,8.03,,11.81,10.65,-1.1552631578947368,1.34,13.18,0.5802707930367543,5.9,1.0
1979-12-01,1.78,4.27,-2.13,-0.67,-1.01,0.95,4.72,,11.39,10.39,-1.0045,1.67,13.78,0.6459330143540659,6.0,1.0
1980-01-01,5.5,1.88,1.85,-1.84,1.89,0.8,7.45,,11.5,10.8,-0.6959090909090909,1.6199999999999992,13.82,0.7463108497766653,6.3,1.3
1980-02-01,-1.23,-1.62,0.59,-0.95,2.92,0.89,7.89,,13.42,12.41,-1.0036842105263155,1.16,14.13,0.73260073260073,6.3,1.3
1980-03-01,-12.89,-6.97,-0.96,1.82,-1.05,1.21,-9.58,,14.88,12.75,-2.1357142857142857,1.6999999999999993,17.19,0.7594936708860679,6.3,1.3
1980-04-01,3.96,1.05,1.03,-2.18,0.34,1.26,-0.48,,12.5,11.47,-1.0285714285714287,2.719999999999999,17.61,0.5447735784814571,6.9,-8.0
1980-05-01,5.26,2.0,0.38,0.43,-0.63,0.81,-1.18,,9.45,10.18,0.7314285714285714,2.99,10.98,0.5393864479154928,7.5,-8.0
1980-06-01,2.97,1.46,-0.8,-0.2,-0.81,0.61,1.58,,8.73,9.78,1.05,2.930000000000001,9.47,0.5341048180705485,7.6,-8.0
1980-07-01,6.51,3.74,-6.29,4.06,-2.44,0.53,0.29,,9.03,10.25,1.2181818181818185,2.4000000000000004,9.03,0.063241106719368,7.8,-0.5
1980-08-01,1.75,4.23,-2.46,2.05,-0.73,0.64,3.06,,10.53,11.1,0.5742857142857143,2.0500000000000007,9.61,0.4150812867519932,7.7,-0.5
1980-09-01,2.19,0.63,-4.61,1.9,-2.86,0.75,5.43,,11.57,11.51,-0.0661904761904762,2.1899999999999995,10.87,0.4589160839160913,7.5,-0.5
1980-10-01,1.04,2.21,-2.93,1.77,-1.43,0.95,7.13,,12.09,11.75,-0.3368181818181818,2.4800000000000004,12.81,0.4974866559568841,7.5,7.7
1980-11-01,9.6,-3.27,-8.11,4.26,-5.52,0.96,15.1,,13.51,12.68,-0.8294117647058823,1.9600000000000009,15.85,0.6071850227694345,7.5,7.700000000000001
1980-12-01,-4.46,-0.28,2.8,-1.27,1.27,1.31,-6.71,,14.08,12.84,-1.232727272727273,2.3000000000000007,18.9,0.4876066639577466,7.2,7.7
1981-01-01,-5.06,3.3,6.74,-3.38,4.27,1.04,-7.82,,13.26,12.57,-0.6938095238095239,2.459999999999999,19.08,0.5050505050505073,7.5,8.1
1981-02-01,0.61,-0.65,0.97,0.26,2.06,1.07,-1.35,,13.92,13.19,-0.7244444444444444,2.18,15.93,0.5242463958060257,7.4,8.1
1981-03-01,3.66,2.85,0.61,-2.27,-0.56,1.21,0.82,,13.57,13.12,-0.4527272727272727,2.2200000000000006,14.7,0.3557312252964435,7.4,8.1
1981-04-01,-2.16,4.72,2.28,0.81,1.54,1.08,-1.08,,14.15,13.68,-0.4719047619047619,1.8800000000000008,15.72,0.307818592242973,7.2,-2.9
1981-05-01,0.13,2.36,-0.43,0.47,-1.78,1.15,3.56,,15.46,14.1,-1.3575,1.85,18.52,0.3848003848003957,7.5,-2.9
1981-06-01,-2.34,-0.93,5.14,-1.29,2.69,1.35,-5.67,,14.51,13.47,-1.0336363636363637,2.33,19.1,0.4864700516874386,7.5,-2.9
1981-07-01,-1.55,-1.95,-0.61,1.08,-2.66,1.24,-2.44,,15.35,14.28,-1.0731818181818182,1.8900000000000023,19.04,0.5765073264472721,7.2,4.9
1981-08-01,-7.02,-1.82,4.71,-0.31,1.38,1.28,-1.1,,16.28,14.94,-1.3476190476190475,1.4000000000000004,17.82,0.4172876304023873,7.4,4.9
1981-09-01,-7.2,-2.46,5.11,0.08,2.53,1.24,2.13,,16.46,15.32,-1.1338095238095238,1.6000000000000014,15.87,0.5324393610727572,7.6,4.9
1981-10-01,4.92,2.28,-4.09,3.12,-2.79,1.21,3.83,,15.54,15.15,-0.3947619047619047,1.959999999999999,15.08,0.1757640855385333,7.9,-4.3
1981-11-01,3.4,-1.58,1.91,0.14,1.0,1.07,-0.21,,12.88,13.39,0.5111111111111111,3.0,13.31,0.2335993770683174,8.3,-4.3
1981-12-01,-3.63,1.18,0.79,0.21,2.45,0.87,1.28,,13.29,13.72,0.4340909090909091,2.83,12.37,0.1668675257254115,8.5,-4.3
1982-01-01,-3.23,-1.1,3.19,-1.43,1.95,0.8,1.77,,14.57,14.59,0.026,2.5100000000000016,13.22,0.1821770153332355,8.6,-6.1
1982-02-01,-5.86,0.4,6.09,-3.55,4.57,0.92,4.87,,14.82,14.43,-0.3977777777777778,2.75,14.78,0.190677966101691,8.9,-6.1
1982-03-01,-1.82,0.02,3.76,-1.28,2.37,0.98,2.9,,14.19,13.86,-0.3330434782608695,2.960000000000001,14.68,0.0,9.0,-6.1
1982-04-01,3.24,1.21,-3.08,1.5,-0.05,1.13,-0.46,,14.2,13.87,-0.3304761904761905,2.910000000000002,14.94,0.1727944705769384,9.3,1.8
1982-05-01,-3.93,0.41,1.78,0.96,-0.12,1.06,2.51,,13.78,13.62,-0.1545,3.0200000000000014,14.45,0.5167464114832527,9.4,1.8
1982-06-01,-3.08,-0.51,1.56,0.09,2.53,0.96,4.89,,14.47,14.3,-0.1659090909090909,2.620000000000001,14.15,0.6256517205422246,9.6,1.8
1982-07-01,-3.2,1.01,0.07,1.0,1.44,1.05,4.4,,13.8,13.95,0.149047619047619,2.8500000000000014,12.59,0.2811621368322389,9.8,-1.5
1982-08-01,11.15,-4.46,1.09,-1.85,0.17,0.76,-3.6,,12.32,13.06,0.7313636363636363,3.26,10.12,0.1070234113712417,9.8,-1.5
1982-09-01,1.32,2.55,0.23,2.16,-0.02,0.51,4.14,,11.78,12.34,0.5557142857142857,3.290000000000001,10.31,0.0,10.1,-1.5
1982-10-01,11.24,1.96,-3.62,0.2,-0.3,0.59,0.01,,10.19,10.91,0.719,3.82,9.71,0.2339523322123124,10.4,0.2
1982-11-01,4.68,4.39,-1.8,-1.02,0.29,0.63,5.92,,9.8,10.55,0.7547368421052632,3.75,9.2,-0.055601890464272,10.8,0.2
1982-12-01,0.56,-0.14,-0.06,0.0,1.0,0.67,-0.02,,9.66,10.54,0.8777272727272727,3.6000000000000014,8.95,-0.1597160603371744,10.8,0.2
1983-01-01,3.59,3.41,-0.72,-1.52,-0.56,0.69,-1.63,,9.33,10.46,1.1295238095238094,3.479999999999998,8.68,0.1116590676467854,10.4,5.4
1983-02-01,2.59,2.88,0.66,-0.36,1.01,0.62,3.69,,9.64,10.72,1.088421052631579,3.229999999999998,8.51,0.0612870275791577,10.4,5.4
1983-03-01,2.81,1.37,2.06,-0.19,2.8,0.63,0.88,,9.66,10.51,0.8504347826086956,3.1,8.77,0.0532386867790542,10.3,5.4
1983-04-01,6.65,0.43,0.43,-0.07,1.51,0.71,1.63,,9.57,10.4,0.8320000000000001,2.889999999999999,8.8,0.407747196738027,10.2,9.4
1983-05-01,0.51,6.26,-1.4,-1.81,-1.43,0.69,-1.55,,9.49,10.38,0.8909523809523809,2.709999999999999,8.63,0.2112304171800817,10.1,9.4
1983-06-01,3.07,1.16,-3.89,2.55,-0.78,0.67,1.83,,10.18,10.85,0.6668181818181819,2.52,8.98,0.1099706744868004,10.1,9.4
1983-07-01,-4.06,1.05,5.54,-0.07,2.88,0.74,-3.08,,10.69,11.38,0.692,2.01,9.37,0.2299511353837197,9.4,8.2
1983-08-01,-0.5,-4.32,5.59,0.52,1.85,0.76,-5.38,,11.07,11.85,0.7756521739130434,1.790000000000001,9.56,0.1568354099503327,9.5,8.2
1983-09-01,0.91,0.3,0.99,1.21,0.5,0.76,-0.01,,10.79,11.65,0.8638095238095238,1.9000000000000004,9.45,0.1634728907456185,9.2,8.2
1983-10-01,-3.43,-3.75,4.96,-0.82,3.0,0.76,-4.46,,10.57,11.54,0.97,1.9200000000000017,9.48,0.2173125679101772,8.8,8.6
1983-11-01,2.16,1.87,-0.73,-0.68,0.64,0.7,-0.14,,10.66,11.69,1.0257894736842106,1.92,9.34,0.1623376623376617,8.5,8.6
1983-12-01,-1.77,-0.42,1.75,1.55,1.33,0.73,0.81,,10.84,11.83,0.9928571428571428,1.92,9.47,0.1618559482061082,8.3,8.6
1984-01-01,-1.92,0.0,7.48,-0.88,2.88,0.76,-2.57,,10.64,11.67,1.031904761904762,1.9800000000000004,9.56,0.3601749421147375,8.0,8.1
1984-02-01,-4.76,-1.58,3.41,1.04,1.51,0.71,0.45,,10.79,11.84,1.056842105263158,1.75,9.59,0.2798376941374033,7.8,8.1
1984-03-01,0.65,-0.25,0.53,-0.97,1.15,0.73,1.09,,11.31,12.32,1.0045454545454546,1.67,9.91,0.1594896331738482,7.8,8.1
1984-04-01,-0.51,-0.94,1.19,3.3,0.77,0.81,2.14,,11.69,12.63,0.9475,1.6799999999999995,10.29,0.2120328650940846,7.7,7.1
1984-05-01,-5.98,0.14,0.26,2.41,-0.51,0.78,1.54,,12.47,13.41,0.9386363636363636,1.33,10.32,0.1010143524559149,7.4,7.1
1984-06-01,1.81,0.16,-2.75,3.08,-1.57,0.75,-0.53,,12.91,13.56,0.6561904761904762,1.4900000000000002,11.06,0.1104209799861953,7.2,7.1
1984-07-01,-2.72,-2.21,0.39,3.52,-2.16,0.82,2.77,,12.88,13.36,0.4847619047619047,1.790000000000001,11.23,0.2012494235042524,7.5,3.9
1984-08-01,10.27,-0.28,-1.74,-0.73,-0.91,0.83,-5.62,,12.43,12.72,0.2817391304347826,1.91,11.64,0.1503570981080091,7.5,3.9
1984-09-01,-0.8,-0.04,5.25,1.37,2.39,0.86,3.66,,12.2,12.52,0.3178947368421053,1.83,11.3,0.1642036124794696,7.3,3.9
1984-10-01,-0.84,-1.34,0.59,1.14,-1.04,1.0,3.28,,11.6,12.16,0.5604545454545454,1.7799999999999994,9.99,0.1993272704621858,7.4,3.3
1984-11-01,-1.77,-1.06,3.87,0.8,1.95,0.73,1.56,,10.65,11.57,0.9236842105263158,1.91,9.43,0.1037972493728914,7.2,3.3
1984-12-01,1.84,-0.6,-0.03,1.08,-1.41,0.64,1.46,,10.18,11.5,1.318,1.9000000000000004,8.38,0.1036001036001059,7.3,3.3
1985-01-01,7.97,3.45,-5.2,-0.99,-3.46,0.65,-6.82,,9.93,11.38,1.4533333333333334,1.879999999999999,8.35,0.0989078920255522,7.3,3.9
1985-02-01,1.22,0.91,-0.36,1.52,1.16,0.58,1.9,,10.17,11.51,1.3433333333333333,1.7200000000000006,8.5,0.340586565752119,7.2,3.9
1985-03-01,-0.84,-1.38,4.01,1.23,2.86,0.62,1.78,,10.71,11.86,1.1423809523809525,1.83,8.58,0.2687810778121223,7.2,3.9
1985-04-01,-0.96,-0.14,3.6,1.62,0.71,0.72,2.95,,10.09,11.43,1.345714285714286,2.08,8.27,0.1021450459652769,7.3,3.6
1985-05-01,5.07,-2.36,-0.98,1.27,-1.43,0.66,4.05,,9.39,10.85,1.4527272727272729,2.3000000000000007,7.97,0.0975213327915493,7.2,3.6
1985-06-01,1.27,0.21,0.38,1.69,-1.02,0.55,3.37,,8.69,10.16,1.468,2.24,7.53,0.1599147121535209,7.4,3.6000000000000005
1985-07-01,-0.72,2.85,-1.62,-0.36,-0.37,0.62,-3.69,,8.77,10.31,1.5336363636363637,2.119999999999999,7.88,0.0970677451971662,7.4,6.3
1985-08-01,-1.01,-0.3,2.34,-0.16,1.93,0.55,1.77,,8.94,10.33,1.3881818181818182,2.17,7.9,0.1012914661939756,7.1,6.3
1985-09-01,-4.5,-1.84,1.21,1.11,1.58,0.6,1.6,,8.98,10.37,1.39,2.110000000000001,7.92,0.1011037155615406,7.1,6.3
1985-10-01,4.0,-1.47,0.77,0.88,-1.06,0.65,4.87,,8.86,10.24,1.3722727272727273,2.119999999999999,7.99,0.1930579576076944,7.1,3.0
1985-11-01,6.46,-0.05,-2.91,0.32,-2.35,0.61,-0.55,,8.58,9.78,1.2005263157894737,2.210000000000001,8.05,0.2633311389071809,7.0,3.0
1985-12-01,3.88,-0.41,-1.46,0.96,-1.77,0.65,-0.23,,8.15,9.26,1.1123809523809522,2.3200000000000003,8.27,0.2393298763462349,7.0,3.0
1986-01-01,0.65,0.95,0.46,-1.99,-1.99,0.56,2.95,,8.14,9.19,1.0514285714285716,2.25,8.14,0.190589636688512,6.7,3.8
1986-02-01,7.14,-0.72,-0.63,1.16,-1.23,0.53,2.56,,7.97,8.7,0.7368421052631579,2.41,7.86,-0.103990640842325,7.2,3.8
1986-03-01,4.91,-0.63,-0.39,1.0,0.81,0.6,2.38,,7.21,7.78,0.564,2.72,7.48,-0.2983343001574555,7.2,3.8
1986-04-01,-1.28,2.81,-2.81,2.9,-0.1,0.52,-0.35,,6.7,7.3,0.604090909090909,2.89,6.99,-0.1999833347221051,7.1,1.8
1986-05-01,4.63,-1.29,-0.14,2.07,1.1,0.49,2.06,,7.07,7.71,0.6423809523809524,2.579999999999999,6.85,0.1505394329681381,7.2,1.8
1986-06-01,1.06,-0.87,1.2,1.85,0.83,0.52,4.94,,7.18,7.8,0.6147619047619047,2.54,6.92,0.2001668056713988,7.2,1.8
1986-07-01,-6.43,-3.53,4.66,-0.55,0.81,0.52,1.89,,6.67,7.3,0.6368181818181818,2.8600000000000003,6.56,0.0476909625625873,7.0,3.9
1986-08-01,6.07,-4.34,3.54,-1.71,3.32,0.46,-5.17,,6.33,7.17,0.8395238095238095,3.01,6.17,0.0521852576647116,6.9,3.9
1986-09-01,-8.59,2.1,3.23,-0.17,3.71,0.45,-5.68,,6.35,7.45,1.1014285714285714,2.749999999999999,5.89,0.1990710019907188,7.0,3.9
1986-10-01,4.64,-2.37,-1.42,-0.01,1.01,0.46,4.48,,6.28,7.43,1.1472727272727272,2.8100000000000005,5.85,0.0948616600790577,7.0,2.2
1986-11-01,1.16,-1.86,-0.02,0.98,0.7,0.39,-0.27,,6.28,7.25,0.9738888888888888,2.8200000000000003,6.04,0.1037075447238855,6.9,2.2
1986-12-01,-3.26,0.19,0.36,0.87,0.09,0.49,0.45,,6.27,7.11,0.8409090909090909,2.8600000000000003,6.91,0.1890359168241974,6.6,2.2
1987-01-01,12.44,-1.61,-3.18,0.17,-1.03,0.42,2.03,,6.23,7.08,0.8584999999999999,2.640000000000001,6.43,0.2953724975385667,6.6,3.0
1987-02-01,4.37,3.36,-5.86,-0.79,-2.55,0.43,-2.22,,6.4,7.25,0.8526315789473684,2.4000000000000004,6.1,0.2051808155937402,6.6,3.0
1987-03-01,1.63,0.32,1.66,1.3,4.17,0.47,1.66,,6.42,7.25,0.8240909090909091,2.3599999999999994,6.13,0.1866687407637874,6.6,3.0
1987-04-01,-2.09,-1.58,-0.36,-0.52,1.16,0.44,0.2,,7.02,8.02,0.9985714285714286,2.02,6.37,0.2430724355858015,6.3,4.4
1987-05-01,0.11,-0.58,0.22,0.49,1.13,0.38,-0.77,,7.76,8.61,0.8515,1.9000000000000004,6.85,0.1521105336544513,6.3,4.4
1987-06-01,3.91,-2.11,1.13,1.56,1.07,0.48,-0.22,,7.57,8.4,0.8290909090909092,2.119999999999999,6.73,0.2413515687851914,6.2,4.4
1987-07-01,3.84,-1.07,0.94,-0.65,1.58,0.46,2.57,,7.44,8.45,1.0045454545454546,2.16,6.58,0.1379046159739547,6.1,3.5
1987-08-01,3.52,-1.01,-0.98,2.11,-1.55,0.47,-0.95,,7.75,8.76,1.0076190476190476,2.040000000000001,6.73,0.2396548969483956,6.0,3.5
1987-09-01,-2.58,0.45,0.26,-0.88,1.82,0.45,0.8,,8.34,9.42,1.0780952380952382,1.8900000000000008,7.22,0.190885230255314,5.9,3.5
1987-10-01,-23.19,-7.91,4.18,2.29,2.24,0.6,-7.75,,8.4,9.52,1.1223809523809525,2.1,7.29,0.1426646587936857,6.0,7.0
1987-11-01,-7.76,2.78,3.14,-1.93,0.6,0.35,-1.21,,7.69,8.86,1.167894736842105,2.370000000000001,6.69,0.1897233201581113,5.8,7.0
1987-12-01,6.82,-0.01,-4.42,3.13,-2.46,0.39,5.88,,7.86,8.99,1.13,2.299999999999999,6.77,0.0904227262451955,5.7,7.0
1988-01-01,4.21,-0.56,4.93,-1.19,2.1,0.29,-7.35,,7.63,8.67,1.0357894736842106,2.4000000000000004,6.83,0.1977261492832457,5.7,2.1
1988-02-01,4.77,3.3,-1.53,1.51,0.06,0.46,-1.45,,7.18,8.21,1.0315,2.4099999999999984,6.58,0.0985221674876817,5.7,2.1
1988-03-01,-2.26,6.11,0.86,-0.23,1.78,0.44,0.61,,7.27,8.37,1.1030434782608696,2.200000000000001,6.58,0.1347002918506274,5.7,2.1
1988-04-01,0.56,1.09,1.51,-0.09,1.9,0.46,2.2,,7.59,8.72,1.129,2.18,6.87,0.3433476394849779,5.4,5.4
1988-05-01,-0.27,-2.52,2.44,-0.77,0.3,0.51,0.66,,8.0,9.09,1.0933333333333333,1.9499999999999995,7.09,0.1335509719542949,5.6,5.4
1988-06-01,4.78,2.07,-1.35,1.52,-3.52,0.49,-3.02,,8.03,8.92,0.8954545454545454,2.08,7.51,0.2321083172146944,5.4,5.4
1988-07-01,-1.25,-0.18,2.18,-0.49,1.53,0.51,0.66,,8.28,9.06,0.777,2.049999999999999,7.75,0.2421307506053262,5.4,2.4
1988-08-01,-3.31,-0.02,2.14,-0.85,1.65,0.59,0.36,,8.63,9.26,0.6317391304347827,1.950000000000001,8.01,0.2201430930104541,5.6,2.4
1988-09-01,3.31,-1.38,-0.75,1.76,-0.55,0.62,0.29,,8.46,8.98,0.5138095238095238,1.92,8.19,0.2291825821237577,5.4,2.4
1988-10-01,1.16,-2.97,2.03,1.39,0.99,0.61,1.3,,8.35,8.8,0.4415,1.6099999999999994,8.3,0.1825789273488047,5.4,5.4
1988-11-01,-2.27,-1.58,1.47,-0.36,1.64,0.57,0.18,,8.67,8.96,0.2965,1.5199999999999996,8.35,0.1819698233376243,5.3,5.4
1988-12-01,1.48,1.94,-1.83,0.69,-0.38,0.63,0.31,,9.09,9.11,0.0171428571428571,1.540000000000001,8.76,0.181364769893453,5.3,5.4
1989-01-01,6.06,-2.26,0.61,-0.97,0.11,0.55,-0.25,,9.18,9.09,-0.0839999999999999,1.5600000000000005,9.12,0.2161305428478839,5.4,4.1
1989-02-01,-2.23,2.7,0.99,-0.84,1.88,0.61,0.99,,9.37,9.17,-0.2026315789473684,1.4399999999999995,9.36,0.1980198019801937,5.2,4.1
1989-03-01,1.57,0.68,0.47,-0.01,0.65,0.67,3.51,,9.68,9.36,-0.3218181818181818,1.3100000000000005,9.85,0.2574370709382224,5.0,4.1
1989-04-01,4.35,-0.75,-1.48,0.73,-0.48,0.67,1.71,,9.45,9.18,-0.2759999999999999,1.4299999999999995,9.84,0.4208557400046712,5.2,3.1000000000000005
1989-05-01,3.28,-0.06,-0.9,0.45,-0.26,0.79,1.42,,9.02,8.86,-0.1586363636363636,1.6000000000000014,9.81,0.2543001448098135,5.2,3.1
1989-06-01,-1.33,-1.04,2.21,0.13,1.52,0.71,0.4,,8.41,8.28,-0.1290909090909091,1.75,9.53,0.1763798045123761,5.3,3.1
1989-07-01,7.18,-4.11,-2.8,2.05,-0.56,0.7,5.32,,7.82,8.02,0.199,1.85,9.24,0.1758112958757607,5.2,3.0
1989-08-01,1.43,0.48,0.62,0.36,-0.61,0.74,-0.49,,8.14,8.11,-0.0321739130434782,1.7700000000000014,8.99,0.0,5.2,3.0
1989-09-01,-0.76,0.47,-1.27,1.39,0.58,0.65,3.51,,8.28,8.19,-0.094,1.7200000000000006,9.02,0.1376936316695395,5.3,3.0
1989-10-01,-3.65,-3.3,-1.16,0.08,-0.11,0.68,1.35,,7.98,8.01,0.0285714285714285,1.8000000000000007,8.84,0.2508361204013369,5.3,0.8
1989-11-01,1.04,-1.26,-1.13,-0.74,1.38,0.69,2.7,,7.8,7.87,0.0785714285714285,1.9400000000000004,8.55,0.2174858634188718,5.4,0.8
1989-12-01,1.18,-2.28,0.15,-0.07,1.31,0.61,2.79,,7.78,7.84,0.059,1.9800000000000004,8.45,0.1815499829796912,5.4,0.8
1990-01-01,-7.8,-1.21,0.83,-1.12,1.4,0.57,-2.98,23.347272727272728,8.09,8.21,0.1214285714285714,1.7299999999999986,8.23,0.4957141381803177,5.4,4.4
1990-02-01,1.11,1.15,0.65,-0.04,-0.61,0.57,-0.51,23.262631578947367,8.37,8.47,0.1026315789473684,1.67,8.24,0.235294117647058,5.3,4.4
1990-03-01,1.83,1.59,-2.9,1.99,-0.94,0.64,1.72,20.062272727272727,8.63,8.59,-0.0381818181818181,1.620000000000001,8.28,0.2556818181818157,5.2,4.4
1990-04-01,-3.36,-0.35,-2.57,1.78,-1.0,0.69,2.28,21.4035,8.72,8.79,0.0615,1.5100000000000016,8.26,0.1272444507281286,5.4,1.5
1990-05-01,8.44,-2.41,-3.89,1.68,-1.63,0.68,3.14,18.097727272727276,8.64,8.76,0.1159090909090909,1.6500000000000004,8.18,0.0809525415724968,5.4,1.5
1990-06-01,-1.09,1.31,-2.0,-0.99,-0.39,0.63,2.49,16.82238095238095,8.35,8.48,0.129047619047619,1.7400000000000002,8.29,0.3540998118844816,5.2,1.5
1990-07-01,-1.9,-3.15,-0.06,-0.1,3.21,0.68,6.04,18.392857142857142,8.16,8.47,0.3142857142857143,1.7299999999999986,8.15,0.240988051009134,5.5,0.3
1990-08-01,-10.13,-3.79,1.56,-0.48,2.99,0.66,1.97,28.175217391304347,8.06,8.75,0.691304347826087,1.66,8.13,0.4397801099450219,5.7,0.3
1990-09-01,-6.11,-3.72,0.59,0.03,3.62,0.6,5.71,29.10736842105263,8.08,8.89,0.8136842105263158,1.75,8.2,0.3907946157186259,5.9,0.3
1990-10-01,-1.91,-5.06,0.08,3.17,-0.25,0.68,6.74,29.625652173913043,7.88,8.72,0.8418181818181818,2.02,8.11,0.3543888433141988,5.9,-3.6
1990-11-01,6.35,0.02,-2.97,0.58,-4.71,0.57,-5.36,24.88571428571429,7.6,8.39,0.7935,2.229999999999998,7.81,0.1226659397573866,6.2,-3.6
1990-12-01,2.48,0.6,-1.57,2.66,-1.98,0.6,0.25,23.363,7.31,8.08,0.761,2.35,7.31,0.2039844971782142,6.3,-3.6
1991-01-01,4.69,3.87,-1.48,1.34,-4.07,0.52,-6.47,27.429090909090917,7.13,8.09,0.9676190476190476,2.3599999999999994,6.91,0.1943886477029791,6.4,-1.9
1991-02-01,7.21,4.02,-0.62,-0.06,-0.34,0.48,-4.94,21.59842105263158,6.87,7.85,0.9878947368421052,2.2200000000000006,6.25,0.044543429844106,6.6,-1.9
1991-03-01,2.67,3.81,-1.3,-0.52,-0.99,0.44,2.71,17.74421052631579,7.1,8.11,1.007,1.9800000000000004,6.12,0.0,6.8,-1.9
1991-04-01,-0.29,0.35,1.49,0.67,0.81,0.53,-2.32,17.37272727272727,6.95,8.04,1.0909090909090908,1.9000000000000004,5.91,0.121391961154569,6.7,3.2
1991-05-01,3.66,0.14,-0.52,2.07,-2.36,0.47,-0.09,16.93227272727273,6.78,8.07,1.2840909090909092,1.7899999999999991,5.78,0.1930936826183543,6.9,3.2
1991-06-01,-4.94,0.3,1.08,1.75,0.68,0.42,0.42,17.134999999999998,6.96,8.28,1.328,1.6800000000000015,5.9,0.1685630004214162,6.9,3.2
1991-07-01,4.24,-1.0,-1.3,1.6,-1.44,0.49,4.26,17.294090909090908,6.92,8.27,1.355,1.620000000000001,5.82,0.0767263427109971,6.8,2.0
1991-08-01,2.32,1.42,-0.79,0.85,-0.32,0.46,1.58,15.681363636363637,6.43,7.9,1.466818181818182,1.75,5.66,0.1601922306768134,6.9,2.0
1991-09-01,-1.59,1.58,-1.23,-1.77,-0.04,0.46,1.75,16.9565,6.18,7.65,1.4685,1.8599999999999997,5.45,0.1597231465459899,6.9,2.0
1991-10-01,1.29,0.85,-0.43,-1.65,-0.3,0.42,3.18,16.36391304347826,5.91,7.53,1.615,1.96,5.21,0.0761662964138333,7.0,1.4
1991-11-01,-4.2,-0.88,-1.77,1.1,-0.12,0.39,1.18,17.773500000000002,5.56,7.42,1.858421052631579,2.03,4.81,0.2498958767180426,7.0,1.4
1991-12-01,10.86,-2.41,-4.23,3.67,-3.14,0.38,8.29,18.347619047619048,5.03,7.09,2.0628571428571427,2.17,4.43,0.1514482236385399,7.3,1.4
1992-01-01,-0.59,9.19,4.67,-1.17,3.25,0.34,-2.5,17.68318181818182,4.96,7.03,2.0742857142857143,2.1000000000000005,4.03,0.037752469640735,7.3,4.9
1992-02-01,1.09,1.3,6.51,0.07,2.25,0.28,-0.7,17.47736842105263,5.21,7.34,2.1257894736842107,1.8900000000000008,4.06,0.1239541369693191,7.4,4.9
1992-03-01,-2.66,-0.89,3.49,-0.06,1.82,0.34,-0.21,17.520454545454545,5.69,7.54,1.8572727272727272,1.71,3.98,0.1882175795219277,7.4,4.9
1992-04-01,1.09,-5.75,4.36,1.65,2.4,0.32,-2.55,16.562857142857144,5.34,7.48,2.136190476190476,1.7300000000000004,3.73,0.1176393699758274,7.4,4.4
1992-05-01,0.3,0.2,1.11,-0.91,0.49,0.28,0.06,15.077000000000002,5.23,7.39,2.1665,1.740000000000001,3.82,0.1229760196761528,7.6,4.4
1992-06-01,-2.33,-2.76,3.24,-0.06,0.95,0.32,-0.57,15.203181818181816,5.05,7.26,2.213636363636364,1.790000000000001,3.76,0.1561788247543423,7.8,4.4
1992-07-01,3.78,-0.65,-0.51,1.24,-0.97,0.31,1.47,13.601818181818182,4.36,6.84,2.489090909090909,2.0,3.25,0.148961921608786,7.7,4.0
1992-08-01,-2.38,-0.39,-1.09,3.66,-1.64,0.26,-0.47,14.421904761904765,4.19,6.59,2.392857142857143,2.0600000000000005,3.3,0.1164671627305087,7.6,4.0
1992-09-01,1.19,0.47,-0.19,1.61,-0.68,0.26,1.44,13.696666666666667,3.89,6.42,2.520952380952381,2.1999999999999997,3.22,0.116219008264454,7.6,4.0
1992-10-01,1.02,2.09,-1.98,1.19,-0.91,0.23,2.5,17.63681818181818,4.08,6.59,2.5061904761904765,2.25,3.1,0.2319438180529598,7.3,4.2
1992-11-01,4.14,3.88,-1.52,-0.54,-1.58,0.23,-0.25,14.4245,4.58,6.87,2.293684210526316,2.0900000000000007,3.09,0.1539744659010714,7.4,4.2
1992-12-01,1.53,1.65,2.64,-0.52,0.83,0.28,4.33,12.191363636363636,4.67,6.77,2.096363636363636,2.040000000000001,2.92,0.0734326714193972,7.4,4.2
1993-01-01,0.93,1.94,5.9,-1.9,2.94,0.23,4.85,12.409,4.39,6.6,2.21,2.0700000000000003,3.02,0.2007830539102504,7.3,0.7
1993-02-01,0.12,-3.37,6.48,-0.47,4.15,0.22,3.18,13.72157894736842,4.1,6.26,2.1605263157894736,2.130000000000001,3.03,0.1260504201680534,7.1,0.7
1993-03-01,2.32,0.09,1.26,-0.22,0.82,0.25,3.7,13.60608695652174,3.95,5.98,2.0256521739130435,2.17,3.07,0.0729195150852298,7.0,0.7
1993-04-01,-3.05,-0.81,2.55,-3.69,1.38,0.24,0.36,12.84095238095238,3.84,5.97,2.131904761904762,2.170000000000001,2.96,0.1903191016938416,7.1,2.3
1993-05-01,2.89,1.94,-3.46,-0.14,-1.03,0.22,0.21,13.606,3.98,6.04,2.0585,2.170000000000001,3.0,0.1517258819066755,7.1,2.3
1993-06-01,0.3,0.12,2.64,-0.91,1.16,0.25,4.57,12.524090909090908,4.16,5.96,1.799090909090909,2.1100000000000003,3.04,0.0378262514184965,7.0,2.3
1993-07-01,-0.34,0.96,2.87,-1.84,2.05,0.24,3.22,11.50047619047619,4.07,5.81,1.7333333333333332,2.12,3.06,0.0756000756000655,6.9,1.9
1993-08-01,3.72,0.08,0.18,-1.52,0.04,0.25,2.54,11.928636363636365,4.0,5.68,1.6763636363636365,1.92,3.03,0.1083195426508215,6.8,1.9
1993-09-01,-0.12,3.02,-0.24,0.25,-0.19,0.26,3.39,12.931428571428572,3.85,5.36,1.512857142857143,1.9799999999999995,3.09,0.0753390256152609,6.7,1.9
1993-10-01,1.41,1.86,-2.78,0.61,0.56,0.22,-2.67,11.875238095238094,3.87,5.33,1.4594999999999998,1.9799999999999995,2.99,0.2364532019704387,6.8,5.6
1993-11-01,-1.87,-1.31,-0.78,2.19,-1.03,0.25,-4.77,14.083809523809524,4.16,5.72,1.5685,1.9400000000000004,3.02,0.1498501498501493,6.6,5.6
1993-12-01,1.65,1.35,0.25,1.14,-0.35,0.23,2.33,11.356363636363636,4.21,5.77,1.5618181818181818,1.9200000000000008,2.96,0.107206670637288,6.5,5.6
1994-01-01,2.87,-0.05,1.1,-1.54,1.39,0.25,0.11,11.29047619047619,4.14,5.75,1.6105,1.9000000000000004,3.05,0.0,6.6,3.9
1994-02-01,-2.55,2.62,-1.52,2.08,-0.94,0.21,-0.34,13.64421052631579,4.47,5.97,1.4989473684210526,1.79,3.25,0.1640464798359486,6.6,3.9
1994-03-01,-4.79,-1.03,1.67,0.65,1.39,0.27,-1.32,15.223478260869564,5.0,6.48,1.4873913043478262,1.6500000000000004,3.34,0.1422601582644304,6.5,3.9
1994-04-01,0.68,-1.0,1.66,1.05,1.14,0.27,0.33,16.471052631578946,5.55,6.97,1.4226315789473685,1.5499999999999998,3.56,0.0388462659026827,6.4,5.5
1994-05-01,0.58,-2.49,0.6,0.64,0.6,0.32,-2.05,13.897142857142857,5.97,7.18,1.2152380952380952,1.4399999999999995,4.01,0.1063327032136161,6.1,5.5
1994-06-01,-3.04,-0.52,1.77,1.05,1.5,0.31,-0.9,13.408636363636363,5.93,7.1,1.17,1.5500000000000007,4.25,0.1479198767334337,6.1,5.5
1994-07-01,2.82,-1.87,0.61,-0.66,0.1,0.28,0.11,12.4845,6.13,7.3,1.168,1.5000000000000009,4.26,0.19318072056409,6.1,2.4
1994-08-01,4.02,1.44,-2.55,0.98,-1.52,0.37,1.54,11.889130434782608,6.18,7.24,1.058695652173913,1.5,4.47,0.2109457400679721,6.0,2.4
1994-09-01,-2.28,2.71,-1.81,0.56,1.06,0.37,1.32,13.233333333333333,6.39,7.46,1.0647619047619048,1.5200000000000005,4.73,0.1098230628432011,5.9,2.4
1994-10-01,1.35,-2.22,-1.66,0.18,-0.73,0.38,1.31,15.245238095238092,6.73,7.74,1.0154999999999998,1.459999999999999,4.76,0.0365341289654748,5.8,4.7
1994-11-01,-4.03,0.09,-0.73,0.48,-0.53,0.37,-0.12,16.383809523809525,7.15,7.96,0.8065,1.3600000000000003,5.29,0.1460387002555695,5.6,4.7
1994-12-01,0.86,-0.05,-0.09,0.4,0.36,0.44,3.45,14.177142857142858,7.59,7.81,0.2242857142857142,1.29,5.45,0.1092365578346778,5.5,4.7
1995-01-01,1.8,-3.07,2.59,0.15,-0.65,0.42,-1.84,12.274285714285714,7.51,7.78,0.2725,1.2999999999999998,5.53,0.1390377429539691,5.6,1.4
1995-02-01,3.63,-0.49,0.99,0.61,-0.4,0.4,-0.47,11.47,7.11,7.47,0.3578947368421052,1.38,5.92,0.1594684385382017,5.4,1.4
1995-03-01,2.19,-0.53,-2.13,-0.13,0.23,0.46,0.45,12.166521739130436,6.78,7.2,0.4291304347826086,1.4999999999999991,5.98,0.1037254732474672,5.4,1.4
1995-04-01,2.11,-0.26,1.67,0.43,0.82,0.45,1.8,12.442631578947369,6.57,7.06,0.4947368421052632,1.54,6.05,0.2267573696145243,5.8,1.2
1995-05-01,2.9,-2.17,2.28,0.41,0.01,0.54,-0.55,12.265909090909092,6.17,6.63,0.4618181818181818,1.5699999999999994,6.01,0.1031105000859248,5.6,1.2
1995-06-01,2.72,3.05,-2.54,-0.23,-2.39,0.47,3.01,11.896818181818183,5.72,6.17,0.4522727272727272,1.7300000000000004,6.0,0.1075847229693389,5.6,1.2
1995-07-01,3.71,2.12,-1.58,0.22,-1.58,0.45,2.6,12.514,5.78,6.28,0.4979999999999999,1.759999999999999,5.85,0.0715819613457367,5.7,3.5
1995-08-01,0.55,1.7,2.68,-1.17,1.49,0.47,0.05,12.798260869565215,5.98,6.49,0.5073913043478261,1.6999999999999993,5.74,0.1025699470055292,5.7,3.5
1995-09-01,3.36,-1.86,-0.11,0.99,0.4,0.43,2.86,12.057,5.81,6.2,0.3915,1.7299999999999995,5.8,0.074745398486404,5.6,3.5
1995-10-01,-1.51,-4.07,-0.49,1.93,-0.1,0.47,4.17,14.357272727272727,5.7,6.04,0.3476190476190476,1.71,5.76,0.1363132933859691,5.5,2.7
1995-11-01,3.96,-1.06,0.52,-0.57,1.0,0.42,-0.72,12.46904761904762,5.48,5.93,0.4514285714285714,1.75,5.8,0.0710689961504221,5.6,2.7
1995-12-01,1.04,0.65,0.24,-1.44,3.02,0.49,2.48,11.7485,5.32,5.71,0.387,1.7800000000000002,5.6,0.074356352820905,5.6,2.7
1996-01-01,2.26,-2.64,0.46,0.26,2.3,0.43,0.57,13.473636363636365,5.11,5.65,0.54,1.8199999999999996,5.56,0.2712094245275023,5.6,3.0
1996-02-01,1.33,1.77,-1.05,0.16,-1.89,0.39,0.57,15.032999999999998,5.03,5.81,0.78,1.8200000000000005,5.22,0.110813556191707,5.5,3.0
1996-03-01,0.74,1.56,0.42,1.44,-0.95,0.39,-1.85,17.76238095238095,5.66,6.27,0.6076190476190476,1.7599999999999998,5.31,0.1843317972350203,5.5,3.0
1996-04-01,2.05,4.7,-3.97,-0.2,-2.03,0.46,-0.94,16.575238095238095,5.96,6.51,0.5540909090909091,1.6799999999999995,5.22,0.2104647763811705,5.6,6.8
1996-05-01,2.36,3.23,-0.9,0.03,-0.33,0.42,1.62,16.14636363636364,6.1,6.74,0.6418181818181817,1.5600000000000005,5.24,0.1002701724089961,5.6,6.8
1996-06-01,-1.13,-3.67,2.33,3.5,1.2,0.4,1.02,16.395,6.3,6.91,0.615,1.4900000000000002,5.27,0.1096090610157014,5.3,6.799999999999999
1996-07-01,-5.96,-3.78,5.19,2.9,2.68,0.45,-0.15,17.978636363636365,6.27,6.87,0.5954545454545455,1.4799999999999995,5.4,0.0998862406703515,5.5,3.6
1996-08-01,2.77,2.58,-0.82,-0.38,-2.47,0.41,-0.02,15.760454545454548,6.03,6.64,0.6063636363636363,1.54,5.22,0.0694846554719166,5.1,3.6
1996-09-01,5.01,-1.41,-2.74,1.3,-2.13,0.44,2.67,16.578,6.23,6.83,0.598,1.5199999999999996,5.3,0.1734906315059025,5.2,3.6
1996-10-01,0.87,-3.79,4.88,1.38,2.97,0.42,3.72,16.38173913043478,5.91,6.53,0.620909090909091,1.54,5.24,0.1654214110446315,5.2,4.2
1996-11-01,6.25,-3.82,1.4,2.06,-0.69,0.41,-2.35,15.997,5.7,6.2,0.5021052631578947,1.59,5.31,0.1806032147372198,5.4,4.2
1996-12-01,-1.7,3.19,1.28,0.23,1.49,0.46,0.53,19.260952380952386,5.78,6.3,0.5204761904761904,1.59,5.29,0.1315032464864027,5.4,4.2
1997-01-01,4.97,-1.82,-1.44,1.22,-0.07,0.45,1.87,19.473333333333333,6.01,6.58,0.570952380952381,1.5099999999999998,5.25,0.0983794714836203,5.3,2.6
1997-02-01,-0.48,-2.54,5.61,0.72,3.47,0.39,-2.18,20.139473684210525,5.9,6.42,0.5210526315789474,1.5200000000000005,5.19,0.1075461552249404,5.2,2.6
1997-03-01,-5.02,-0.41,3.39,0.39,1.53,0.43,0.88,20.17,6.22,6.69,0.4725,1.489999999999999,5.39,0.0341549496214535,5.2,2.6
1997-04-01,4.04,-5.7,0.0,3.36,-1.02,0.43,4.83,19.662272727272725,6.45,6.89,0.4372727272727272,1.4500000000000002,5.51,0.0341335760609805,5.1,6.8
1997-05-01,6.73,4.68,-4.11,-1.04,-2.76,0.49,-5.19,19.924761904761905,6.28,6.71,0.4342857142857143,1.489999999999999,5.5,0.0,4.9,6.8
1997-06-01,4.1,1.17,1.44,0.56,0.45,0.37,2.59,20.194285714285712,6.09,6.49,0.3990476190476191,1.5299999999999994,5.56,0.1023366877025321,5.0,6.8
1997-07-01,7.31,-2.74,0.13,0.18,-2.56,0.43,3.7,20.529090909090908,5.89,6.22,0.3295454545454545,1.5300000000000002,5.52,0.0651359713401727,4.9,5.1
1997-08-01,-4.09,7.5,1.13,-1.02,-0.17,0.41,-2.57,23.084761904761905,5.94,6.3,0.3595238095238095,1.5200000000000005,5.54,0.1425008906305639,4.8,5.1
1997-09-01,5.34,2.48,0.24,-1.58,-0.93,0.44,1.46,23.812380952380952,5.88,6.21,0.3266666666666666,1.4900000000000002,5.54,0.1356852103120663,4.9,5.1
1997-10-01,-3.81,-0.56,2.33,0.75,2.01,0.42,-0.53,23.87086956521739,5.77,6.03,0.2577272727272727,1.54,5.5,0.0970978530585876,4.7,3.5
1997-11-01,2.99,-5.01,1.22,3.08,1.73,0.39,0.38,32.20611111111111,5.71,5.88,0.1622222222222222,1.54,5.52,0.0707651481645247,4.6,3.5
1997-12-01,1.36,-2.09,3.74,0.64,1.95,0.48,3.91,26.27636363636364,5.72,5.81,0.0936363636363636,1.510000000000001,5.5,0.0322658707751939,4.7,3.5
1998-01-01,0.14,-1.28,-1.68,0.91,-0.62,0.43,0.05,23.8665,5.36,5.54,0.1875,1.6500000000000004,5.56,0.0674233059894275,4.6,4.1
1998-02-01,7.04,0.05,-0.93,-0.37,-2.58,0.39,-1.19,19.998947368421053,5.42,5.57,0.1568421052631579,1.6799999999999995,5.51,0.0,4.6,4.1
1998-03-01,4.76,-0.73,1.38,-0.55,-0.23,0.39,2.13,20.158636363636365,5.56,5.65,0.0859090909090909,1.67,5.49,0.0,4.7,4.1
1998-04-01,0.74,0.01,1.03,-1.68,-0.36,0.43,0.76,22.02857142857143,5.56,5.64,0.0733333333333333,1.6900000000000004,5.45,0.0673400673400603,4.3,3.8
1998-05-01,-3.05,-3.0,3.41,1.03,2.47,0.4,1.91,20.874,5.59,5.65,0.059,1.6499999999999997,5.49,0.1409194997357841,4.4,3.8
1998-06-01,3.21,-3.61,-2.03,-0.26,-3.03,0.41,7.26,21.66272727272727,5.52,5.5,-0.0236363636363636,1.63,5.56,0.0670915800067203,4.5,3.8
1998-07-01,-2.42,-5.2,-1.83,1.64,0.76,0.4,3.79,19.930000000000003,5.46,5.46,0.0031818181818181,1.6900000000000004,5.54,0.128191432539251,4.5,5.1
1998-08-01,-16.05,-4.97,3.57,3.35,5.78,0.43,1.9,31.58809523809524,5.27,5.34,0.0733333333333333,1.7999999999999998,5.55,0.066844919786096,4.5,5.1
1998-09-01,6.19,-0.89,-3.51,-1.84,-2.84,0.46,-0.65,38.2047619047619,4.67,4.81,0.1404761904761904,2.28,5.51,0.0333815511294047,4.6,5.1
1998-10-01,6.98,-3.36,-2.33,0.88,0.18,0.32,-5.33,36.60818181818182,4.09,4.53,0.438095238095238,2.6499999999999995,5.07,0.1334445371142578,4.5,6.6
1998-11-01,6.07,0.76,-3.24,-0.92,-0.92,0.31,1.13,26.223000000000003,4.54,4.83,0.2873684210526315,2.51,4.83,0.0665594320261788,4.4,6.6
1998-12-01,6.15,-1.5,-4.25,-0.69,-3.26,0.38,8.87,25.479090909090907,4.51,4.65,0.1386363636363636,2.58,4.68,0.0953819251251978,4.4,6.6
1999-01-01,3.47,-0.82,-4.46,-2.8,-6.41,0.35,2.84,28.035263157894736,4.62,4.72,0.1068421052631579,2.5700000000000003,4.63,0.1042752867570305,4.3,3.8
1999-02-01,-4.08,-5.15,1.95,-1.23,4.08,0.35,-0.14,28.82263157894737,4.88,5.0,0.1226315789473684,2.39,4.76,0.0,4.4,3.8
1999-03-01,3.48,-4.37,-2.61,-4.05,-1.07,0.43,-1.21,25.309565217391302,5.05,5.23,0.1795652173913043,2.3,4.81,0.0316781499960428,4.2,3.8
1999-04-01,4.34,4.52,2.4,-2.47,0.84,0.37,-8.98,23.478571428571428,4.98,5.18,0.2077272727272727,2.3000000000000007,4.74,0.3640776699029079,4.3,3.4
1999-05-01,-2.46,3.75,2.49,0.95,3.18,0.34,-5.25,26.204500000000003,5.25,5.54,0.285,2.18,4.74,0.0328785138911648,4.2,3.4
1999-06-01,4.77,2.34,-3.22,0.93,-2.91,0.4,4.66,23.626363636363635,5.62,5.9,0.2809090909090909,2.119999999999999,4.76,0.0,4.3,3.4
1999-07-01,-3.49,2.54,-0.18,0.29,3.27,0.38,1.7,21.04904761904762,5.55,5.79,0.2371428571428571,2.16,4.99,0.2300109529025172,4.3,5.4
1999-08-01,-1.37,-1.67,-1.93,-0.24,0.72,0.39,2.98,24.323636363636364,5.68,5.94,0.2609090909090909,2.21,5.07,0.1251923528337791,4.2,5.4
1999-09-01,-2.77,2.48,-2.9,-0.96,-0.99,0.39,6.38,24.54142857142857,5.66,5.92,0.2533333333333333,2.28,5.22,0.2284968173657602,4.2,5.4
1999-10-01,6.09,-7.13,-2.88,-1.75,-0.87,0.39,5.45,24.02142857142857,5.86,6.11,0.2495,2.2700000000000005,5.2,0.1021624382768569,4.1,6.700000000000001
1999-11-01,3.41,5.69,-5.65,-4.18,-1.84,0.36,5.49,21.81809523809524,5.86,6.03,0.172,2.12,5.42,0.097344654156081,4.1,6.7
1999-12-01,7.66,5.1,-7.66,-8.0,-5.87,0.44,13.1,22.15909090909091,6.1,6.28,0.1709090909090909,1.9099999999999997,5.3,0.1239285345450794,4.0,6.7
2000-01-01,-4.74,4.21,-1.12,-6.15,4.56,0.41,1.86,23.202,6.44,6.66,0.221,1.67,5.45,0.1615682895303803,4.0,1.5
2000-02-01,2.45,18.46,-9.77,-18.95,-1.13,0.43,18.0,23.5955,6.61,6.52,-0.091,1.7699999999999996,5.73,0.2362669816893005,4.1,1.5
2000-03-01,5.21,-15.54,8.5,11.65,-1.2,0.47,-6.85,22.718260869565217,6.53,6.26,-0.2717391304347826,2.1099999999999994,5.85,0.3069053708439886,4.0,1.5
2000-04-01,-6.35,-4.75,6.45,8.07,5.63,0.46,-8.6,27.164210526315788,6.4,5.99,-0.4131578947368421,2.41,6.02,-0.0334168755221345,3.8,7.5
2000-05-01,-4.39,-3.86,4.59,4.05,1.47,0.5,-8.99,26.37318181818182,6.81,6.44,-0.3690909090909091,2.46,6.27,0.0915867402752638,4.0,7.5
2000-06-01,4.68,9.95,-8.04,-8.31,-3.17,0.4,16.6,21.54,6.48,6.1,-0.3845454545454546,2.380000000000001,6.53,0.3186066270178427,4.0,7.5
2000-07-01,-2.48,-0.94,8.06,5.72,2.98,0.48,-0.16,19.893,6.34,6.05,-0.285,2.3,6.54,0.1583782071586997,4.0,0.4
2000-08-01,7.03,-0.95,-1.37,-3.06,1.21,0.5,5.59,18.088695652173914,6.23,5.83,-0.4026086956521739,2.43,6.5,0.0,4.1,0.4
2000-09-01,-5.44,0.27,7.24,2.7,5.54,0.51,1.89,19.6875,6.08,5.8,-0.2825,2.55,6.52,0.2977913805939306,3.9,0.4
2000-10-01,-2.78,-2.58,5.58,9.54,3.71,0.56,-4.56,25.2,5.91,5.74,-0.1738095238095238,2.6,6.51,0.0901622921258355,3.9,2.4
2000-11-01,-10.7,-0.35,12.24,13.05,8.35,0.51,-2.17,26.38285714285714,5.88,5.72,-0.1580952380952381,2.56,6.51,0.0940979664383899,3.9,2.4
2000-12-01,1.18,3.26,7.55,1.92,4.82,0.5,6.59,26.5305,5.35,5.24,-0.1115,2.78,6.4,0.1312120715105764,3.9,2.4
2001-01-01,3.25,5.23,-5.05,-5.2,-5.21,0.54,-25.3,24.918571428571425,4.76,5.16,0.4009523809523809,2.77,5.98,0.2988196623337805,4.2,-1.3
2001-02-01,-10.03,2.87,12.23,9.12,9.01,0.38,12.6,23.411578947368422,4.66,5.1,0.4421052631578948,2.7700000000000005,5.49,0.1366742596810999,4.2,-1.3
2001-03-01,-7.25,2.33,6.47,3.34,3.72,0.42,8.65,28.49681818181818,4.34,4.89,0.5431818181818181,2.95,5.31,0.0309917355371861,4.3,-1.3
2001-04-01,7.94,-0.88,-4.64,-3.18,-3.19,0.39,-8.01,28.134,4.23,5.14,0.907,2.9300000000000006,4.8,0.0929224097878333,4.4,2.5
2001-05-01,0.68,3.55,3.38,0.29,1.95,0.32,2.15,22.944090909090907,4.26,5.39,1.1313636363636363,2.6800000000000006,4.21,0.2661934338952946,4.3,2.5
2001-06-01,-1.94,6.69,-1.26,1.57,-1.67,0.28,0.62,20.94047619047619,4.08,5.28,1.2042857142857142,2.6899999999999995,3.97,0.1289178954153464,4.5,2.5
2001-07-01,-2.13,-2.86,4.95,7.29,2.9,0.3,5.48,22.316190476190474,4.04,5.24,1.1976190476190476,2.7299999999999995,3.77,-0.0880820141420488,4.6,-1.6
2001-08-01,-6.4,2.54,2.86,3.81,6.53,0.31,5.46,21.86173913043478,3.76,4.97,1.2139130434782608,2.88,3.65,0.0,4.9,-1.6
2001-09-01,-9.24,-5.74,1.52,5.03,3.35,0.28,11.3,35.065333333333335,3.12,4.73,1.6129411764705883,3.299999999999999,3.07,0.2254791431792492,5.0,-1.6
2001-10-01,2.48,5.34,-7.31,-2.98,-4.36,0.22,-8.32,32.72130434782609,2.73,4.57,1.8409090909090908,3.34,2.49,-0.1464736469496852,5.3,1.1
2001-11-01,7.53,-0.36,2.17,-3.49,-1.68,0.17,-8.61,26.63095238095238,2.78,4.65,1.869,3.1599999999999997,2.09,-0.0307125307125319,5.5,1.1
2001-12-01,1.61,5.11,0.83,0.26,-0.28,0.15,0.02,23.72,3.11,5.09,1.9805,2.960000000000001,1.82,-0.0307298335467337,5.7,1.1
2002-01-01,-1.44,1.28,3.42,4.73,2.83,0.14,3.65,22.252857142857145,3.03,5.04,2.0076190476190474,2.83,1.73,0.0882309690701393,5.7,3.4
2002-02-01,-2.28,-0.38,2.34,8.03,5.1,0.13,6.83,22.87578947368421,3.02,4.91,1.896315789473684,2.9799999999999995,1.74,0.1012943162633694,5.7,3.4
2002-03-01,4.24,4.15,1.08,-1.83,0.66,0.13,-1.69,18.985,3.56,5.28,1.7265,2.829999999999999,1.73,0.1605136436597146,5.7,3.3999999999999995
2002-04-01,-5.21,6.63,4.01,4.59,5.35,0.15,7.7,19.900454545454547,3.42,5.21,1.7881818181818183,2.8199999999999994,1.75,0.2444614209320083,5.9,2.5
2002-05-01,-1.36,-3.07,1.52,2.31,2.53,0.14,3.09,20.087727272727275,3.26,5.16,1.9004545454545456,2.93,1.75,0.0581973374718103,5.8,2.5
2002-06-01,-7.23,3.76,0.37,3.92,2.66,0.13,6.24,25.271,2.99,4.93,1.9335,3.0200000000000005,1.75,0.0318344608038145,5.8,2.5
2002-07-01,-8.19,-6.33,-3.51,3.84,-1.1,0.15,3.63,34.04954545454546,2.56,4.65,2.096363636363636,3.25,1.73,0.11620025176721,5.8,1.6
2002-08-01,0.5,-1.28,3.01,1.37,-1.4,0.14,1.87,33.74272727272727,2.13,4.26,2.1236363636363635,3.3200000000000003,1.74,0.1515151515151509,5.7,1.6
2002-09-01,-10.34,3.05,1.26,3.29,-2.29,0.14,9.18,37.6475,2.0,3.87,1.8655,3.53,1.75,0.0906572651725021,5.7,1.6
2002-10-01,7.84,-4.29,-3.76,-3.16,0.73,0.14,-5.58,35.24304347826087,1.91,3.94,2.0290909090909093,3.790000000000001,1.75,0.1154290111581292,5.7,0.5
2002-11-01,5.96,2.94,-1.16,-9.25,5.16,0.12,-16.4,28.175,1.92,4.05,2.125263157894737,3.5700000000000003,1.34,0.0946073793755886,5.9,0.5
2002-12-01,-5.76,0.55,2.11,6.32,-1.79,0.11,9.72,28.21047619047619,1.84,4.03,2.1961904761904765,3.42,1.24,0.0862378727991466,6.0,0.5
2003-01-01,-2.57,0.71,-0.79,-0.93,0.69,0.1,1.59,27.424285714285716,1.74,4.05,2.305238095238095,3.3,1.24,0.2295881762089203,5.8,2.1
2003-02-01,-1.88,-0.87,-1.36,0.79,-0.68,0.09,1.21,32.21842105263158,1.63,3.9,2.274736842105263,3.16,1.26,0.3129400719762135,5.9,2.1
2003-03-01,1.09,0.77,-2.11,1.68,-0.81,0.1,1.4,30.63428571428572,1.57,3.81,2.2333333333333334,3.14,1.25,0.0891265597147946,5.9,2.1
2003-04-01,8.18,1.14,1.22,-4.68,0.98,0.1,-9.35,23.99190476190476,1.62,3.96,2.336190476190476,2.89,1.26,-0.2076227198576363,6.0,3.6
2003-05-01,6.05,4.78,0.7,-6.94,3.07,0.09,-10.7,20.23952380952381,1.42,3.57,2.153809523809524,2.81,1.26,-0.0893211591901527,6.1,3.6
2003-06-01,1.42,1.65,0.14,0.44,-0.4,0.1,-1.23,20.362380952380956,1.23,3.33,2.107142857142857,2.8600000000000003,1.22,0.0596451115860647,6.3,3.6
2003-07-01,2.33,4.4,-1.53,-3.89,1.52,0.07,-0.3,19.161363636363635,1.47,3.98,2.5013636363636365,2.64,1.01,0.1709685845225944,6.2,6.8
2003-08-01,2.33,2.37,1.64,-2.29,2.15,0.07,-0.53,19.274285714285718,1.86,4.45,2.580952380952381,2.56,1.03,0.2488529434637192,6.1,6.799999999999999
2003-09-01,-1.24,0.57,0.14,0.9,0.41,0.08,-0.07,19.532380952380954,1.71,4.27,2.568095238095238,2.5200000000000005,1.01,0.1773835920177345,6.1,6.8
2003-10-01,6.08,2.63,2.21,-1.38,1.65,0.07,4.01,18.023478260869567,1.75,4.29,2.5427272727272725,2.4400000000000004,1.01,-0.0563737580156404,6.0,4.7
2003-11-01,1.35,2.31,1.72,0.21,1.68,0.07,1.36,17.40105263157895,1.93,4.3,2.373333333333333,2.3600000000000003,1.0,0.0309047361508163,5.8,4.7
2003-12-01,4.29,-2.51,1.51,0.57,0.85,0.08,-5.54,16.826363636363638,1.91,4.27,2.3604545454545454,2.33,0.98,0.141010575793183,5.7,4.7
2004-01-01,2.15,2.46,2.42,-3.6,3.33,0.07,2.57,16.101,1.76,4.15,2.3895,2.29,1.0,0.2352364616515576,5.7,2.3
2004-02-01,1.4,-0.92,0.95,2.13,-1.17,0.06,-1.17,15.99842105263158,1.74,4.08,2.344210526315789,2.1899999999999995,1.01,0.1226899777624293,5.6,2.3
2004-03-01,-1.32,2.11,0.23,1.65,-0.98,0.09,0.19,17.687391304347827,1.58,3.83,2.248695652173913,2.28,1.0,0.1117812812929393,5.8,2.3
2004-04-01,-1.82,-2.06,-3.23,3.46,-2.83,0.08,-5.34,15.69857142857143,2.07,4.35,2.276666666666667,2.1100000000000003,1.0,0.087459307127932,5.6,3.1
2004-05-01,1.18,-0.4,-0.18,-1.17,0.01,0.06,1.49,17.705000000000002,2.53,4.72,2.182,2.03,1.0,0.2328514601726894,5.6,3.1
2004-06-01,1.86,2.52,1.21,1.12,-0.31,0.08,2.08,15.342727272727274,2.76,4.73,1.9704761904761905,2.05,1.03,0.2028789488938284,5.6,3.1
2004-07-01,-4.04,-2.92,3.22,5.21,-1.68,0.1,-2.24,15.502380952380951,2.64,4.5,1.8595238095238091,2.12,1.26,0.0577506136002674,5.5,3.8
2004-08-01,0.08,-1.18,1.08,1.21,-1.35,0.11,-1.55,16.68409090909091,2.51,4.28,1.7731818181818182,2.18,1.43,0.0275906467707481,5.4,3.8
2004-09-01,1.6,3.22,-0.05,-1.49,-1.72,0.11,5.48,14.08095238095238,2.53,4.13,1.6004761904761904,2.14,1.61,0.1729771285796736,5.4,3.8
2004-10-01,1.42,0.15,-0.26,-0.53,0.41,0.11,-1.43,14.973809523809525,2.58,4.1,1.5125,2.1100000000000003,1.76,0.3010687942194754,5.5,4.1
2004-11-01,4.53,4.12,1.57,-0.52,-0.18,0.15,3.08,13.577619047619049,2.85,4.19,1.342,2.01,1.93,0.2572898799313802,5.4,4.1
2004-12-01,3.41,-0.04,-0.23,-1.07,0.39,0.16,-2.85,12.459545454545456,3.01,4.23,1.219090909090909,1.92,2.16,0.0,5.4,4.1
2005-01-01,-2.75,-1.11,2.06,2.8,-1.41,0.16,2.96,13.438,3.22,4.22,0.999,1.7999999999999998,2.28,-0.0284535495803065,5.3,4.5
2005-02-01,1.88,-0.3,1.41,1.32,-0.21,0.16,3.43,11.708947368421052,3.38,4.17,0.7805263157894737,1.6500000000000004,2.5,0.2505219206680564,5.4,4.5
2005-03-01,-1.93,-1.41,2.07,0.44,1.34,0.21,0.43,13.126363636363635,3.73,4.5,0.770909090909091,1.5599999999999996,2.63,0.1898219289523586,5.2,4.5
2005-04-01,-2.6,-3.97,0.05,0.97,-0.85,0.21,-0.68,14.459047619047618,3.65,4.34,0.6871428571428572,1.71,2.79,0.1775541910187123,5.2,2.0
2005-05-01,3.65,2.76,-0.58,-1.02,0.28,0.24,0.37,13.967619047619047,3.64,4.14,0.5004761904761905,1.87,3.0,-0.0269354223249753,5.1,2.0
2005-06-01,0.58,3.26,2.8,0.87,-0.52,0.23,2.07,11.868636363636364,3.64,4.0,0.3577272727272727,1.8600000000000003,3.04,0.0281743050338022,5.0,2.0
2005-07-01,3.92,2.76,-0.78,-1.19,-0.78,0.24,0.03,11.049,3.87,4.18,0.3065,1.7700000000000005,3.26,0.3540084076996891,5.0,3.2
2005-08-01,-1.2,-0.94,1.34,-1.96,0.38,0.3,2.07,12.951304347826088,4.04,4.26,0.2182608695652174,1.7000000000000002,3.5,0.3212349699957622,4.9,3.2
2005-09-01,0.48,-0.31,0.78,0.26,-0.61,0.29,3.46,12.628095238095238,3.95,4.2,0.2528571428571429,1.83,3.62,0.751008298178111,5.0,3.2
2005-10-01,-2.04,-1.5,0.43,-0.7,-1.26,0.27,-1.19,14.937619047619048,4.27,4.46,0.1925,1.84,3.78,0.082312054143039,5.0,2.2
2005-11-01,3.61,0.9,-1.18,-0.79,-1.09,0.31,0.34,12.147619047619049,4.42,4.54,0.1185,1.85,4.0,-0.2739600931464293,5.0,2.2
2005-12-01,-0.24,-0.25,0.15,0.18,0.2,0.32,0.78,11.26,4.4,4.47,0.0628571428571428,1.8500000000000003,4.16,0.0,4.9,2.2
2006-01-01,3.03,5.83,0.99,-0.66,-0.35,0.35,2.52,12.036,4.4,4.42,0.0204999999999999,1.8200000000000005,4.29,0.3160459144481356,4.7,5.5
2006-02-01,-0.3,-0.46,-0.31,-0.54,1.98,0.34,-1.78,12.471052631578948,4.67,4.57,-0.0994736842105263,1.6999999999999993,4.49,0.0301053687907693,4.8,5.5
2006-03-01,1.47,3.34,0.61,0.03,-0.44,0.37,1.26,11.69391304347826,4.73,4.72,-0.0099999999999999,1.6900000000000004,4.59,0.078496358641135,4.7,5.5
2006-04-01,0.73,-0.79,2.26,1.74,-0.13,0.36,0.6,11.84736842105263,4.89,4.99,0.101578947368421,1.6899999999999995,4.79,0.2861435009657346,4.7,1.0
2006-05-01,-3.56,-2.9,2.38,0.87,1.53,0.43,-3.66,14.454545454545457,4.97,5.11,0.1418181818181818,1.6399999999999997,4.94,0.1559758237473273,4.6,1.0
2006-06-01,-0.34,-0.24,0.85,1.32,-0.13,0.4,1.55,16.918636363636363,5.12,5.11,-0.0154545454545454,1.67,4.99,0.1354829968838945,4.6,1.0
2006-07-01,-0.77,-3.6,2.62,1.63,0.84,0.4,-2.04,15.326,5.12,5.09,-0.031,1.67,5.24,0.2973240832507404,4.7,0.6
2006-08-01,2.03,0.45,-1.95,-1.81,2.14,0.42,-3.36,13.351739130434783,4.9,4.88,-0.0269565217391304,1.71,5.25,0.2314269183791541,4.7,0.6
2006-09-01,1.84,-1.39,0.06,0.78,0.46,0.41,-0.98,12.1845,4.77,4.72,-0.05,1.71,5.25,-0.2803869339688791,4.5,0.6
2006-10-01,3.22,1.98,-0.33,-0.11,0.32,0.41,-0.25,11.306363636363637,4.8,4.73,-0.0666666666666666,1.6899999999999995,5.25,-0.2315410342166236,4.4,3.5
2006-11-01,1.7,0.63,0.04,0.2,-0.8,0.42,-1.04,10.817619047619049,4.74,4.6,-0.1452380952380952,1.6000000000000003,5.25,0.0270160745643657,4.5,3.5
2006-12-01,0.85,-0.81,2.74,-0.65,1.88,0.4,0.79,10.9645,4.67,4.56,-0.109,1.66,5.24,0.3111739745403114,4.4,3.5
2007-01-01,1.38,0.02,-0.68,0.19,0.4,0.44,0.17,11.0425,4.88,4.76,-0.1166666666666666,1.58,5.25,0.0865711900327634,4.6,1.2
2007-02-01,-1.96,1.33,-0.08,-0.52,-0.66,0.38,-1.29,11.155263157894735,4.85,4.72,-0.1263157894736842,1.5600000000000005,5.26,0.2327010327521561,4.5,1.2
2007-03-01,0.71,0.14,-0.88,0.55,-0.67,0.43,2.58,15.162727272727272,4.57,4.56,-0.009090909090909,1.71,5.26,0.2836429873144111,4.4,1.2
2007-04-01,3.49,-2.08,-1.44,1.18,1.01,0.44,-0.16,12.933000000000002,4.67,4.69,0.0276190476190476,1.6999999999999993,5.25,0.1636724991231787,4.5,2.5
2007-05-01,3.24,0.33,-0.59,1.47,-1.26,0.41,-0.33,13.297727272727274,4.77,4.75,-0.02,1.6399999999999997,5.25,0.215634470432819,4.4,2.5
2007-06-01,-1.96,0.7,-1.05,0.49,0.06,0.4,0.52,14.947619047619046,4.98,5.1,0.1223809523809523,1.6000000000000003,5.25,0.1323858120549914,4.6,2.5
2007-07-01,-3.72,-3.05,-3.68,0.26,-1.16,0.4,2.84,17.273333333333333,4.82,5.0,0.1852380952380952,1.6500000000000004,5.26,0.0929006529480826,4.7,2.3
2007-08-01,0.94,-0.33,-1.87,-1.27,-0.57,0.42,-0.03,25.02608695652174,4.31,4.67,0.3617391304347826,1.9800000000000004,5.02,0.0160842108966796,4.6,2.3
2007-09-01,3.22,-2.44,-2.17,-0.49,-2.94,0.32,4.43,22.198947368421056,4.01,4.52,0.51,2.0700000000000003,4.94,0.2421459080437163,4.7,2.3
2007-10-01,1.79,-0.03,-2.87,-0.33,0.06,0.32,5.03,19.115652173913045,3.97,4.53,0.56,1.95,4.76,0.1608645825015742,4.7,2.5
2007-11-01,-4.8,-2.91,-1.09,1.75,-0.36,0.34,1.12,25.58238095238095,3.34,4.15,0.8119999999999999,2.25,4.49,0.4286664146122029,4.7,2.5
2007-12-01,-0.87,0.18,-0.51,0.9,-1.07,0.27,6.56,21.651,3.12,4.1,0.9805,2.5500000000000007,4.24,0.1580735210035938,5.0,2.5
2008-01-01,-6.32,-0.63,4.0,2.12,2.06,0.21,-7.74,25.816190476190474,2.48,3.74,1.268571428571429,2.8,3.94,0.1798802648854091,5.0,-1.7
2008-02-01,-3.09,-0.64,-0.72,1.07,-0.97,0.13,6.13,25.456,1.97,3.74,1.7645,3.08,2.98,0.1381615358822736,4.9,-1.6999999999999995
2008-03-01,-0.94,0.59,0.31,0.89,0.47,0.17,4.25,27.103500000000004,1.62,3.51,1.893,3.38,2.61,0.1951651530610266,5.1,-1.7
2008-04-01,4.61,-1.16,-0.96,1.81,-2.56,0.18,-0.33,21.562727272727276,2.05,3.68,1.627727272727273,3.29,2.28,0.1262389647382657,5.0,2.4
2008-05-01,1.87,3.04,-1.5,0.92,0.14,0.18,3.39,18.30333333333333,2.45,3.88,1.4342857142857142,3.05,1.98,0.3227722721791171,5.4,2.4
2008-06-01,-8.43,1.16,-2.51,4.98,-0.69,0.17,12.7,22.11047619047619,2.77,4.1,1.3257142857142856,2.9700000000000006,2.0,0.5715400914464127,5.6,2.4
2008-07-01,-0.75,3.71,5.2,-1.36,0.99,0.15,-5.02,24.321818181818184,2.57,4.01,1.4345454545454546,3.1500000000000004,2.01,0.3725971174706613,5.8,-2.1
2008-08-01,1.53,3.28,1.52,1.83,0.66,0.13,-4.48,20.695714285714285,2.42,3.89,1.4652380952380952,3.26,2.0,-0.0850557558743224,6.1,-2.1
2008-09-01,-9.35,0.38,5.66,2.4,1.7,0.15,0.86,30.23857142857143,2.08,3.69,1.61,3.62,1.81,0.0466413644885472,6.1,-2.1
2008-10-01,-17.2,-3.06,-1.89,2.73,1.38,0.08,7.87,61.17739130434782,1.61,3.81,2.2018181818181817,5.07,0.97,-0.4486140816432321,6.5,-8.5
2008-11-01,-7.74,-4.0,-6.21,4.67,2.39,0.03,7.28,62.66894736842105,1.21,3.53,2.3138888888888887,5.6800000000000015,0.39,-1.0117415476985987,6.8,-8.5
2008-12-01,1.77,3.33,0.05,0.03,-1.52,0.0,-5.09,52.405,0.82,2.42,1.5954545454545457,6.01,0.16,-0.4295750817079944,7.3,-8.5
2009-01-01,-8.09,-2.09,-11.02,0.0,-1.16,0.0,-2.36,44.683,0.81,2.52,1.7105,5.620000000000001,0.15,0.1380420731597155,7.8,-4.5
2009-02-01,-10.14,-1.17,-6.6,1.01,-0.62,0.01,4.36,45.57052631578947,0.98,2.87,1.894736842105263,5.21,0.22,0.2081520372678471,8.3,-4.5
2009-03-01,9.01,0.59,3.48,-2.58,-2.0,0.02,-11.8,44.79545454545455,0.93,2.82,1.8881818181818184,5.6,0.18,-0.0515104099063557,8.7,-4.5
2009-04-01,10.17,7.14,5.38,1.34,0.5,0.01,-34.3,38.063809523809525,0.93,2.93,2.0,5.460000000000001,0.15,0.0549317737957471,9.0,-0.7
2009-05-01,5.2,-2.24,0.41,-0.81,-1.99,0.0,-12.5,31.978,0.93,3.29,2.3635,4.7700000000000005,0.18,0.0840853667955419,9.4,-0.7
2009-06-01,0.42,2.27,-2.76,-1.41,-0.37,0.01,5.45,29.140454545454546,1.18,3.72,2.5377272727272726,3.78,0.21,0.452706122543037,9.5,-0.7
2009-07-01,7.74,2.31,4.89,-0.26,3.08,0.01,-5.54,26.162727272727277,1.02,3.56,2.5431818181818184,3.53,0.16,-0.0155460237198324,9.5,1.4
2009-08-01,3.33,-0.1,7.6,-2.85,3.3,0.01,-9.1,25.337142857142855,1.12,3.59,2.4719047619047623,2.99,0.16,0.1826429115159814,9.6,1.4
2009-09-01,4.08,2.72,1.15,1.15,0.34,0.01,-4.87,24.92666666666667,0.96,3.4,2.4457142857142857,2.91,0.15,0.1053211218218461,9.8,1.4
2009-10-01,-2.55,-4.85,-4.17,4.22,-1.48,0.0,2.49,24.252272727272725,0.95,3.39,2.4385714285714286,2.9,0.12,0.1637417344747518,10.0,4.4
2009-11-01,5.58,-2.76,-0.33,0.9,0.0,0.0,0.39,23.789,0.8,3.4,2.599473684210526,2.9200000000000004,0.12,0.1826503958055089,9.9,4.4
2009-12-01,2.74,6.14,-0.11,0.71,-0.09,0.01,3.0,21.239545454545453,0.87,3.59,2.7154545454545453,2.78,0.12,0.0271396382422302,9.9,4.4
2010-01-01,-3.35,0.4,0.33,-1.08,0.51,0.0,-5.33,20.643157894736845,0.93,3.73,2.804210526315789,2.52,0.11,0.037070412092837,9.8,1.9
2010-02-01,3.39,1.49,3.18,-0.29,1.42,0.0,3.69,22.54,0.86,3.69,2.8342105263157897,2.65,0.13,-0.0571065989847729,9.8,1.9
2010-03-01,6.3,1.83,2.19,-0.61,1.74,0.01,3.57,17.767391304347825,0.96,3.73,2.768695652173913,2.54,0.16,0.0172887723230753,9.9,1.9
2010-04-01,2.0,4.96,2.96,0.61,1.75,0.01,3.16,17.424285714285716,1.06,3.85,2.786363636363636,2.4,0.2,0.0125476654441039,9.9,3.9
2010-05-01,-7.9,0.08,-2.48,1.3,-0.24,0.01,-0.2,31.9295,0.83,3.42,2.5895,2.63,0.2,-0.0283512019780587,9.6,3.9
2010-06-01,-5.57,-2.42,-4.73,-0.1,-1.58,0.01,-2.7,29.916363636363634,0.72,3.2,2.4795454545454545,3.03,0.18,-0.0228433722842081,9.4,3.9
2010-07-01,6.92,0.04,-0.5,0.17,2.02,0.01,1.78,25.565238095238094,0.62,3.01,2.394761904761905,3.0,0.18,0.1019592840917934,9.4,3.1
2010-08-01,-4.77,-3.06,-1.73,0.6,-1.6,0.01,0.04,24.74590909090909,0.52,2.7,2.178181818181818,2.96,0.19,0.076245051114762,9.5,3.1
2010-09-01,9.55,3.65,-3.02,-0.19,0.38,0.01,1.38,22.517619047619046,0.48,2.65,2.167619047619048,3.01,0.19,0.0881045139797082,9.5,3.1
2010-10-01,3.87,0.73,-2.46,1.28,-0.38,0.01,1.46,20.37333333333333,0.38,2.54,2.164,3.18,0.19,0.1989626454178074,9.4,2.1
2010-11-01,0.59,3.54,-0.9,0.32,1.79,0.01,2.73,20.095714285714287,0.45,2.76,2.309,3.16,0.19,0.1382095430991709,9.8,2.1
2010-12-01,6.82,0.97,3.56,-3.42,3.17,0.01,-3.0,17.56954545454545,0.62,3.29,2.6727272727272724,2.81,0.18,0.2095605050519103,9.3,2.1
2011-01-01,1.98,-2.31,0.61,-0.64,0.81,0.01,-0.3,17.3155,0.61,3.39,2.7795,2.7,0.17,0.1768932109292833,9.1,-0.9
2011-02-01,3.48,1.65,1.18,-1.83,0.84,0.01,1.88,17.43,0.77,3.58,2.803684210526316,2.5700000000000003,0.16,0.1928684778038514,9.0,-0.9
2011-03-01,0.46,2.56,-1.84,1.73,-0.07,0.01,3.45,20.72347826086957,0.7,3.41,2.7169565217391307,2.62,0.14,0.2699242542695895,9.0,-0.9
2011-04-01,2.9,-0.53,-2.44,1.12,-0.86,0.0,0.05,16.244,0.73,3.46,2.7205000000000004,2.56,0.1,0.2682342271485259,9.1,2.7
2011-05-01,-1.27,-0.72,-1.85,1.92,-1.43,0.0,-0.6,16.91142857142857,0.56,3.17,2.6133333333333333,2.6100000000000003,0.09,0.1660025078873571,9.0,2.7
2011-06-01,-1.74,0.06,-0.2,2.27,-1.42,0.0,1.82,19.153181818181817,0.41,3.0,2.591818181818182,2.75,0.09,0.0,9.1,2.7
2011-07-01,-2.35,-1.11,-0.91,2.68,-1.73,0.0,0.2,19.2275,0.41,3.0,2.5965,2.76,0.07,0.1497163903861168,9.0,-0.1
2011-08-01,-5.96,-3.09,-2.43,3.41,-0.26,0.01,-0.27,35.02913043478261,0.23,2.3,2.072608695652174,3.0600000000000005,0.1,0.1645806347696761,9.0,-0.1
2011-09-01,-7.57,-3.49,-1.53,1.99,0.15,0.0,-2.4,36.53,0.21,1.98,1.7638095238095235,3.29,0.08,0.1184480649864205,9.0,-0.1
2011-10-01,11.34,3.25,0.06,-2.25,-0.73,0.0,-1.4,32.829047619047614,0.28,2.15,1.8715,3.22,0.07,0.0368295014737815,8.8,4.6
2011-11-01,-0.27,-0.3,-0.52,1.94,1.44,0.0,3.88,31.94190476190476,0.25,2.01,1.7600000000000002,3.13,0.08,0.1007918211887393,8.6,4.6
2011-12-01,0.75,-0.29,1.54,1.06,2.47,0.0,1.83,25.047619047619047,0.26,1.98,1.720952380952381,3.27,0.07,0.0129659176448077,8.5,4.6
2012-01-01,5.05,2.02,-0.93,-2.06,-1.48,0.0,-8.01,20.228,0.24,1.97,1.7260000000000002,3.2600000000000007,0.08,0.1421319680398269,8.3,3.4
2012-02-01,4.4,-1.67,0.42,-0.36,-0.08,0.0,-0.26,18.4205,0.28,1.97,1.6895,3.17,0.1,0.1221397785683515,8.3,3.3999999999999995
2012-03-01,3.11,-0.48,1.19,-0.61,0.7,0.0,1.31,16.167272727272728,0.34,2.17,1.828181818181818,3.0600000000000005,0.13,0.1141892938379579,8.2,3.4
2012-04-01,-0.84,-0.5,-0.77,1.3,0.66,0.0,3.72,17.823,0.29,2.05,1.7609523809523808,3.140000000000001,0.14,0.0905884554549177,8.2,1.8
2012-05-01,-6.17,-0.08,-0.95,2.03,2.36,0.01,6.44,21.001818181818184,0.29,1.8,1.518181818181818,3.2700000000000005,0.16,-0.1079050503850998,8.2,1.8
2012-06-01,3.9,0.89,0.55,-1.06,0.45,0.0,-1.1,21.13095238095238,0.29,1.62,1.3304761904761906,3.3999999999999995,0.16,-0.0472207526463248,8.2,1.8000000000000005
2012-07-01,0.79,-2.81,-0.06,1.04,0.01,0.0,3.0,17.565238095238094,0.25,1.53,1.2785714285714287,3.34,0.16,0.0150683440726966,8.2,0.6
2012-08-01,2.54,0.44,1.23,-1.5,-0.86,0.01,-2.35,15.689565217391303,0.27,1.68,1.4095652173913045,3.2300000000000004,0.13,0.3031058074357503,8.1,0.6
2012-09-01,2.73,0.57,1.62,-1.3,1.56,0.01,-1.13,15.284736842105264,0.26,1.72,1.4678947368421054,3.12,0.14,0.2726437872881325,7.8,0.6
2012-10-01,-1.76,-0.83,3.52,-1.4,2.52,0.01,0.05,16.276190476190475,0.28,1.75,1.469047619047619,2.83,0.16,0.1407023259359263,7.8,0.5
2012-11-01,0.78,0.4,-0.86,0.38,0.81,0.01,0.53,16.701904761904764,0.27,1.65,1.386,2.86,0.16,-0.0916006087869075,7.7,0.5
2012-12-01,1.18,1.92,3.48,-1.72,0.8,0.01,-2.93,17.307,0.26,1.72,1.462,2.91,0.16,-0.0066044511642089,7.9,0.5
2013-01-01,5.57,0.42,1.01,-2.01,1.52,0.0,-1.82,13.505238095238097,0.27,1.91,1.6495238095238096,2.8200000000000003,0.14,0.1033455100268237,8.0,4.0
2013-02-01,1.29,-0.25,0.21,-0.59,0.61,0.0,1.23,14.072631578947368,0.27,1.98,1.7168421052631575,2.87,0.15,0.325795605126058,7.7,4.0
2013-03-01,4.03,0.88,-0.22,0.27,1.41,0.0,1.92,13.0315,0.26,1.96,1.7015,2.89,0.14,-0.1606810915765675,7.5,4.0
2013-04-01,1.56,-2.24,0.44,0.39,0.43,0.0,0.22,13.967272727272729,0.23,1.76,1.526818181818182,2.83,0.15,-0.1138897781771574,7.6,1.1
2013-05-01,2.81,2.04,2.67,-2.0,-0.95,0.0,-2.01,13.493636363636364,0.25,1.93,1.6777272727272723,2.8000000000000007,0.11,0.0216081124957373,7.5,1.1
2013-06-01,-1.2,1.54,-0.05,-0.28,-0.06,0.0,0.43,17.2715,0.33,2.3,1.9665,2.890000000000001,0.09,0.1360233260290602,7.5,1.1
2013-07-01,5.65,1.75,0.58,-1.35,0.57,0.0,1.74,13.974545454545456,0.34,2.58,2.2413636363636367,2.74,0.09,0.1021279461153567,7.3,3.5
2013-08-01,-2.71,-0.03,-2.73,0.71,-2.17,0.0,0.04,14.21,0.36,2.74,2.380909090909091,2.68,0.08,0.1302158554197968,7.2,3.5
2013-09-01,3.77,2.65,-1.18,-0.54,-1.32,0.0,3.02,14.692000000000002,0.4,2.81,2.4055,2.66,0.08,0.0205606195600091,7.2,3.5
2013-10-01,4.17,-1.5,1.22,2.75,0.89,0.0,0.02,15.407826086956522,0.34,2.62,2.2804545454545457,2.6899999999999995,0.09,0.0279250981846508,7.2,3.5
2013-11-01,3.12,1.44,0.19,0.26,0.06,0.0,0.39,12.924,0.3,2.72,2.4147368421052637,2.66,0.08,0.1053993958487074,6.9,3.5
2013-12-01,2.8,-0.44,0.0,-0.58,0.08,0.0,0.02,14.192380952380953,0.34,2.9,2.5619047619047617,2.48,0.09,0.1379566517467468,6.7,3.5
2014-01-01,-3.3,0.6,-1.99,-3.91,-1.54,0.0,1.61,14.24095238095238,0.39,2.86,2.4642857142857144,2.3300000000000005,0.07,0.1264787108062794,6.6,-1.4
2014-02-01,4.68,0.13,-0.35,-0.25,-0.54,0.0,2.13,15.47,0.33,2.71,2.382631578947368,2.39,0.07,0.0629016354425233,6.7,-1.4
2014-03-01,0.41,-1.13,4.9,2.02,1.92,0.0,-3.27,14.836666666666666,0.4,2.72,2.3242857142857143,2.3399999999999994,0.08,0.1113848346035541,6.7,-1.4
2014-04-01,-0.19,-4.07,1.22,3.4,0.93,0.0,-3.82,14.19809523809524,0.42,2.71,2.288095238095238,2.1900000000000004,0.09,0.1016828511871418,6.2,5.3
2014-05-01,2.04,-1.86,-0.1,-0.09,-0.96,0.0,0.89,12.475238095238096,0.39,2.56,2.17,2.2,0.09,0.1038003220116651,6.3,5.3
2014-06-01,2.61,3.06,-0.71,-1.83,-1.91,0.0,0.65,11.541428571428572,0.45,2.6,2.146190476190476,2.2,0.1,0.07206175669526,6.1,5.3
2014-07-01,-2.03,-4.2,-0.08,0.93,0.51,0.0,-0.17,12.296363636363637,0.51,2.54,2.0359090909090907,2.1900000000000004,0.09,0.0587209714691901,6.2,5.0
2014-08-01,4.24,0.29,-0.57,-0.64,-0.69,0.0,0.83,13.49190476190476,0.47,2.42,1.947619047619048,2.2700000000000005,0.09,-0.0091429341359829,6.1,5.0
2014-09-01,-1.96,-3.66,-1.47,1.2,-0.59,0.0,0.6,13.466666666666669,0.57,2.53,1.967619047619048,2.27,0.09,0.0039049638982259,5.9,5.0
2014-10-01,2.51,3.66,-1.63,-0.39,0.21,0.0,-0.21,18.058695652173917,0.45,2.3,1.858636363636364,2.390000000000001,0.09,-0.0103259427778016,5.7,2.0
2014-11-01,2.56,-2.3,-3.13,1.57,0.14,0.0,0.69,13.41315789473684,0.53,2.33,1.7983333333333331,2.46,0.09,-0.1075805801409122,5.8,2.0
2014-12-01,-0.05,2.83,2.12,-1.21,0.9,0.0,1.03,16.292272727272728,0.64,2.21,1.5718181818181818,2.53,0.12,-0.1609361449335255,5.6,2.0
2015-01-01,-3.09,-0.93,-3.45,1.58,-1.64,0.0,3.74,19.1195,0.55,1.88,1.33,2.5700000000000003,0.11,-0.3474718059144848,5.7,3.6
2015-02-01,6.14,0.36,-1.79,-1.1,-1.75,0.0,-3.1,15.90421052631579,0.62,1.98,1.356315789473684,2.53,0.11,0.1448367817267077,5.5,3.6000000000000005
2015-03-01,-1.09,3.08,-0.38,0.07,-0.62,0.0,2.7,14.812727272727273,0.64,2.04,1.4022727272727271,2.5,0.11,0.1405540059554317,5.4,3.6
2015-04-01,0.6,-3.01,1.8,0.05,-0.62,0.0,-7.27,13.494761904761903,0.54,1.94,1.395,2.5400000000000005,0.12,0.0568624852450329,5.4,2.5
2015-05-01,1.38,0.82,-1.11,-1.76,-0.83,0.0,5.68,13.3385,0.61,2.2,1.5885,2.6899999999999995,0.12,0.1884425909283901,5.6,2.5
2015-06-01,-1.54,2.9,-0.82,0.35,-1.54,0.0,3.01,14.339545454545457,0.69,2.36,1.675,2.77,0.13,0.1509774987524036,5.3,2.5
2015-07-01,1.57,-4.58,-4.16,0.31,-2.44,0.0,9.97,14.352727272727272,0.67,2.32,1.656818181818182,2.8800000000000003,0.13,0.082764510270642,5.2,1.6
2015-08-01,-6.02,0.29,2.75,0.66,1.29,0.0,-2.16,19.42809523809524,0.7,2.17,1.4695238095238097,3.0200000000000005,0.14,-0.0002291498464312,5.1,1.6
2015-09-01,-3.06,-2.8,0.55,1.8,-0.59,0.0,5.24,24.377142857142857,0.71,2.17,1.4595238095238094,3.17,0.14,-0.1225956828751413,5.0,1.6
2015-10-01,7.75,-2.06,-0.47,0.95,0.61,0.0,-3.19,16.789545454545454,0.64,2.07,1.4252380952380952,3.27,0.12,0.0539717463649467,5.0,0.7
2015-11-01,0.57,3.3,-0.43,-2.65,-1.06,0.0,2.29,16.21,0.88,2.26,1.378421052631579,3.2,0.12,0.0651609540573204,5.1,0.7
2015-12-01,-2.15,-2.95,-2.57,0.34,0.12,0.01,3.34,18.025454545454547,0.98,2.24,1.26,3.22,0.24,-0.0561158309664029,5.0,0.7
2016-01-01,-5.74,-3.44,2.08,2.78,3.05,0.01,1.6,23.717894736842105,0.9,2.09,1.1857894736842105,3.3600000000000003,0.34,-0.026196775032794,4.8,2.3
2016-02-01,-0.07,0.87,-0.61,3.31,1.94,0.02,-4.35,22.517,0.73,1.78,1.046,3.56,0.38,-0.0759814470618458,4.9,2.3
2016-03-01,6.95,1.0,1.22,0.68,0.01,0.02,-5.04,15.84909090909091,0.88,1.89,1.014090909090909,3.24,0.36,0.1635545863431871,5.0,2.3
2016-04-01,0.91,1.23,3.22,-2.85,1.77,0.01,-5.98,14.300476190476193,0.77,1.81,1.0371428571428571,2.98,0.37,0.2188940092165811,5.1,1.3
2016-05-01,1.78,-0.62,-1.62,-1.1,-2.54,0.01,1.47,14.85285714285714,0.82,1.81,0.99,2.87,0.37,0.1233441323122356,4.8,1.3
2016-06-01,-0.03,0.42,-1.49,1.45,1.9,0.02,4.2,17.774545454545457,0.73,1.64,0.9127272727272728,2.890000000000001,0.38,0.1514158520633019,4.9,1.3
2016-07-01,3.94,2.47,-1.24,1.31,-1.16,0.02,-3.31,13.1585,0.67,1.5,0.8314999999999999,2.72,0.39,-0.028782899627368,4.8,2.9
2016-08-01,0.49,1.66,3.17,-1.85,-0.36,0.02,-3.41,12.399565217391304,0.74,1.56,0.8191304347826087,2.68,0.4,0.0964811366520881,4.9,2.9
2016-09-01,0.27,1.81,-1.19,-2.18,0.03,0.02,0.26,14.21952380952381,0.77,1.63,0.8595238095238096,2.68,0.4,0.1430841706050113,5.0,2.9
2016-10-01,-2.01,-4.02,4.11,0.99,0.25,0.02,0.51,14.585238095238095,0.84,1.76,0.9215,2.62,0.4,0.127782954432375,4.9,2.2
2016-11-01,4.85,6.96,8.29,-0.24,3.71,0.01,-4.77,15.236190476190476,0.98,2.14,1.1625,2.57,0.41,0.06430623909661,4.7,2.2
2016-12-01,1.81,0.44,3.47,1.24,-0.32,0.03,-0.27,12.472380952380954,1.2,2.49,1.2952380952380953,2.34,0.54,0.1377012086605193,4.7,2.2
2017-01-01,1.94,-1.44,-2.76,-0.51,-1.06,0.04,-0.93,11.6085,1.21,2.43,1.226,2.23,0.65,0.2109431319034241,4.7,2.0
2017-02-01,3.55,-2.3,-1.5,0.45,-1.8,0.04,-1.51,11.530526315789476,1.2,2.42,1.2178947368421054,2.22,0.66,0.0955594414205851,4.6,2.0
2017-03-01,0.17,0.75,-3.33,0.63,-0.95,0.03,-0.97,11.89782608695652,1.31,2.48,1.168695652173913,2.2,0.79,-0.0243757370185835,4.4,2.0
2017-04-01,1.08,0.41,-2.05,1.79,-1.6,0.05,0.48,13.136315789473684,1.24,2.3,1.0563157894736843,2.2700000000000005,0.9,0.0705230183851871,4.4,2.3
2017-05-01,1.07,-2.99,-3.82,0.99,-1.66,0.06,1.5,10.862272727272726,1.3,2.3,1.0018181818181815,2.25,0.91,-0.0403814587855457,4.4,2.3
2017-06-01,0.78,2.52,1.5,-2.26,0.04,0.06,-0.1,10.513636363636364,1.34,2.19,0.8445454545454546,2.18,1.04,0.0355433815541029,4.3,2.3
2017-07-01,1.88,-1.64,-0.23,-0.75,-0.15,0.07,1.63,10.2645,1.37,2.32,0.9455,2.07,1.15,0.0178718166292062,4.3,3.2
2017-08-01,0.18,-1.83,-2.13,0.2,-2.38,0.09,3.31,11.975652173913044,1.34,2.21,0.8739130434782609,2.1,1.16,0.2007978867802529,4.4,3.2
2017-09-01,2.49,4.76,3.15,-1.54,1.63,0.09,-1.35,10.438,1.38,2.2,0.8175000000000001,2.1,1.15,0.291793709771301,4.3,3.2
2017-10-01,2.25,-1.91,0.13,0.92,-3.14,0.09,4.21,10.125454545454543,1.55,2.36,0.8104761904761905,1.9600000000000004,1.15,0.0404375084355047,4.2,4.6
2017-11-01,3.12,-0.38,-0.09,3.19,-0.1,0.08,-0.94,10.54047619047619,1.7,2.35,0.6566666666666666,1.9199999999999997,1.16,0.1455276779046373,4.2,4.6
2017-12-01,1.06,-1.05,0.05,0.73,1.79,0.09,-1.55,10.2645,1.84,2.4,0.5585,1.82,1.3,0.1203936711288631,4.1,4.6
2018-01-01,5.58,-3.21,-1.32,-0.75,-1.05,0.11,4.08,11.062380952380952,2.03,2.58,0.5519047619047619,1.6799999999999995,1.41,0.2219136189658198,4.0,3.3
2018-02-01,-3.64,0.34,-1.1,0.53,-2.36,0.11,3.68,22.464736842105264,2.18,2.86,0.6836842105263158,1.65,1.42,0.1615372560365413,4.1,3.3
2018-03-01,-2.35,3.61,-0.21,-0.41,0.08,0.12,-1.2,19.02380952380953,2.28,2.84,0.5666666666666667,1.7999999999999998,1.51,0.0104924951335647,4.0,3.3
2018-04-01,0.29,0.89,0.53,-2.42,1.24,0.14,0.45,18.267619047619046,2.38,2.87,0.4847619047619047,1.7999999999999998,1.69,0.1420585448761083,4.0,2.1
2018-05-01,2.63,4.71,-3.14,-1.98,-1.49,0.14,3.91,14.124545454545457,2.51,2.98,0.4659090909090909,1.85,1.7,0.1178060755616458,3.8,2.1
2018-06-01,0.49,0.77,-2.33,0.83,0.2,0.14,-2.26,13.67809523809524,2.53,2.91,0.379047619047619,1.92,1.82,0.0514940098339903,4.0,2.1
2018-07-01,3.2,-1.93,0.49,1.53,0.31,0.16,-1.43,13.147619047619049,2.61,2.89,0.2823809523809523,1.9,1.91,0.0407384608136534,3.8,2.5
2018-08-01,3.46,0.65,-3.91,-0.29,-2.57,0.16,5.3,12.54695652173913,2.64,2.89,0.2534782608695652,1.8799999999999997,1.91,0.0932515184524896,3.8,2.5
2018-09-01,0.06,-2.49,-1.62,0.65,1.36,0.15,-0.08,12.910526315789474,2.77,3.0,0.2363157894736842,1.88,1.95,0.1178446686924239,3.7,2.5
2018-10-01,-7.64,-4.38,3.38,1.03,3.6,0.19,-2.06,19.35217391304348,2.86,3.15,0.2913636363636364,1.9200000000000004,2.19,0.1220650510173263,3.8,0.6
2018-11-01,1.71,-0.81,0.36,-0.61,0.4,0.18,-1.4,19.38904761904762,2.86,3.12,0.258,2.1,2.2,-0.0384104683631541,3.8,0.6
2018-12-01,-9.55,-2.81,-1.92,-0.03,0.24,0.19,1.76,24.953157894736844,2.68,2.83,0.1563157894736842,2.3,2.27,0.0373578297044369,3.9,0.6
2019-01-01,8.36,2.91,-0.39,-0.73,-1.65,0.21,-8.62,19.57238095238095,2.54,2.71,0.1704761904761904,2.41,2.4,-0.0425206854017947,4.0,2.5
2019-02-01,3.42,1.72,-2.66,0.16,-1.54,0.18,0.5,15.234736842105262,2.5,2.68,0.1721052631578947,2.27,2.4,0.180075308539318,3.8,2.5
2019-03-01,1.1,-3.52,-4.14,0.88,-0.9,0.19,2.24,14.485238095238095,2.41,2.57,0.1614285714285714,2.27,2.41,0.2161024524131884,3.8,2.5
2019-04-01,3.97,-1.15,2.13,1.61,-2.18,0.21,-2.91,12.94904761904762,2.34,2.53,0.1876190476190476,2.1700000000000004,2.42,0.205073422076926,3.7,3.4
2019-05-01,-6.92,-1.56,-2.45,-0.48,1.76,0.21,7.55,16.721818181818183,2.21,2.4,0.1886363636363636,2.23,2.39,0.0128782583824924,3.6,3.4
2019-06-01,6.92,0.37,-0.64,0.89,-0.42,0.18,-2.24,15.836000000000002,1.81,2.07,0.26,2.39,2.38,-0.0185778748701752,3.6,3.3999999999999995
2019-07-01,1.22,-1.82,0.5,-0.13,0.37,0.19,2.92,13.305909090909092,1.84,2.06,0.2240909090909091,2.22,2.4,0.1204109304095361,3.7,4.8
2019-08-01,-2.55,-3.25,-4.77,0.53,-0.62,0.16,7.51,18.97909090909091,1.57,1.63,0.055,2.24,2.13,0.04989654640557,3.6,4.8
2019-09-01,1.42,0.29,6.76,1.82,3.38,0.18,-6.74,15.559,1.65,1.7,0.0515,2.21,2.04,0.0839370599873005,3.5,4.8
2019-10-01,2.07,0.25,-1.92,0.43,-1.03,0.15,0.13,15.466521739130435,1.55,1.71,0.1554545454545454,2.21,1.83,0.1475103808311009,3.6,2.8
2019-11-01,3.87,0.39,-2.0,-1.64,-1.14,0.12,-2.54,12.5235,1.61,1.81,0.1994736842105263,2.13,1.55,0.160881291716792,3.6,2.8
2019-12-01,2.76,0.99,1.73,0.05,1.19,0.14,-2.22,13.756666666666666,1.61,1.86,0.2495238095238095,2.02,1.55,0.1519418358829173,3.6,2.8
2020-01-01,-0.09,-4.37,-6.22,-1.19,-2.19,0.13,6.02,13.94095238095238,1.52,1.76,0.2385714285714285,2.01,1.55,0.1002607384395064,3.6,-5.5
2020-02-01,-8.15,0.08,-3.82,-1.43,-2.53,0.12,-0.28,19.62894736842105,1.33,1.5,0.1731578947368421,2.11,1.58,0.0271240412175188,3.5,-5.5
2020-03-01,-13.35,-8.18,-13.83,-1.61,1.19,0.12,8.21,57.73681818181819,0.45,0.87,0.4218181818181818,3.42,0.65,-0.2362668231939912,4.4,-5.5
2020-04-01,13.58,2.57,-1.34,2.76,-1.02,0.0,-5.48,41.453809523809525,0.22,0.66,0.4328571428571428,3.47,0.05,-0.4320080483691308,14.8,-28.1
2020-05-01,5.59,1.92,-5.0,0.96,-3.16,0.01,0.16,30.897,0.17,0.67,0.5035000000000001,3.28,0.05,-0.0513328691056421,13.2,-28.1
2020-06-01,2.44,1.95,-2.17,0.14,0.55,0.01,-0.83,31.119545454545456,0.19,0.73,0.5436363636363637,2.91,0.08,0.2644090493286369,11.0,-28.1
2020-07-01,5.83,-3.19,-1.44,0.38,0.97,0.01,7.71,26.840454545454545,0.15,0.62,0.4754545454545455,2.69,0.09,0.2659013938848825,10.2,35.2
2020-08-01,7.62,-0.89,-3.02,4.27,-1.51,0.01,0.46,22.88952380952381,0.14,0.65,0.5104761904761905,2.62,0.1,0.2035278154681176,8.4,35.2
2020-09-01,-3.64,-0.01,-2.72,-1.38,-1.93,0.01,3.19,27.64761904761905,0.13,0.68,0.5447619047619048,2.68,0.09,0.1432439747082948,7.8,35.2
2020-10-01,-2.08,4.67,4.25,-0.77,-0.57,0.01,-3.14,29.438636363636363,0.15,0.79,0.6376190476190476,2.65,0.09,0.0675532270127611,6.9,4.4
2020-11-01,12.44,7.12,2.09,-2.25,1.28,0.01,-12.5,24.9955,0.17,0.87,0.7042105263157895,2.43,0.09,0.1240436122254198,6.7,4.4
2020-12-01,4.63,4.93,-1.68,-1.97,-0.06,0.01,-2.37,22.37409090909091,0.14,0.93,0.7977272727272727,2.23,0.09,0.2267639823208125,6.7,4.4
2021-01-01,-0.07,6.81,3.22,-3.65,4.97,0.0,4.31,24.91,0.13,1.08,0.95,2.16,0.09,0.1295306422288382,6.4,5.6
2021-02-01,2.81,4.5,7.2,0.33,-1.99,0.0,-7.9,23.14052631578948,0.12,1.26,1.1426315789473684,2.16,0.08,0.2133727283457442,6.2,5.6
2021-03-01,3.16,-0.84,7.35,6.35,3.52,0.0,-6.11,21.84304347826087,0.15,1.61,1.463913043478261,2.13,0.07,0.252186548764071,6.1,5.6
2021-04-01,4.97,-3.16,-1.02,2.43,-2.72,0.0,1.23,17.416190476190476,0.16,1.64,1.471818181818182,1.96,0.07,0.3661805426597916,6.1,6.4
2021-05-01,0.29,1.27,7.04,2.34,3.01,0.0,0.56,19.7605,0.16,1.62,1.466,2.0,0.06,0.3639432297660182,5.8,6.4
2021-06-01,2.73,-0.3,-7.86,-2.14,-0.93,0.0,2.07,16.956818181818182,0.2,1.52,1.3163636363636364,1.92,0.08,0.4686287021870642,5.9,6.4
2021-07-01,1.34,-4.55,-1.79,5.5,-0.59,0.0,-2.18,17.603333333333335,0.22,1.32,1.099047619047619,1.92,0.1,0.2528703980442006,5.4,3.5
2021-08-01,2.95,-0.66,-0.23,-0.26,-1.72,0.0,2.63,17.472727272727273,0.22,1.28,1.0659090909090911,1.96,0.09,0.1509785066652693,5.1,3.5
2021-09-01,-4.4,1.12,5.12,-1.92,2.0,0.0,1.39,19.824761904761903,0.24,1.37,1.1338095238095238,1.86,0.08,0.2379784232896269,4.7,3.5
2021-10-01,6.63,-2.7,-0.53,1.71,-1.54,0.0,3.32,17.871428571428574,0.39,1.58,1.19,1.77,0.08,0.5394259681663627,4.5,7.4
2021-11-01,-1.58,-1.7,-0.37,7.19,1.7,0.0,0.96,18.50047619047619,0.51,1.56,1.0515,1.7199999999999998,0.08,0.4528885452336267,4.2,7.4
2021-12-01,3.24,-0.78,3.26,4.88,4.29,0.01,-2.39,21.354545454545452,0.68,1.47,0.785,1.83,0.08,0.370874442846286,3.9,7.4
2022-01-01,-6.15,-4.01,12.86,0.77,7.73,0.0,-2.42,23.181,0.98,1.76,0.7835,1.82,0.08,0.3372111318522714,4.0,-1.0
2022-02-01,-2.28,2.86,3.06,-2.03,3.03,0.0,1.66,25.748421052631578,1.44,1.93,0.4989473684210526,2.04,0.08,0.4211055347523507,3.8,-1.0
2022-03-01,3.08,-2.11,-1.9,-1.5,3.21,0.0,2.94,26.968695652173917,1.91,2.13,0.2182608695652173,2.16,0.2,0.5394803696473561,3.7,-1.0
2022-04-01,-9.41,-0.35,6.18,3.41,5.92,0.0,5.0,24.3735,2.54,2.75,0.2095,1.91,0.33,0.2216403472895502,3.7,0.3
2022-05-01,-0.33,-0.03,8.44,1.55,3.95,0.03,2.54,29.313636363636363,2.62,2.9,0.2814285714285714,2.22,0.77,0.4912174762775563,3.6,0.3
2022-06-01,-8.4,1.33,-6.0,1.76,-4.58,0.06,1.09,28.23318181818182,3.0,3.14,0.1452380952380952,2.1299999999999994,1.21,0.7064905818420332,3.6,0.3
2022-07-01,9.56,1.78,-4.15,0.76,-6.85,0.08,-4.36,24.995238095238093,3.04,2.9,-0.1399999999999999,2.31,1.68,-0.0255627682154115,3.5,2.7
2022-08-01,-3.77,1.49,0.18,-4.78,1.32,0.19,1.85,22.169565217391305,3.25,2.9,-0.3521739130434782,2.2500000000000004,2.33,0.0392710676600347,3.6,2.7
2022-09-01,-9.34,-0.97,0.03,-1.37,-0.77,0.19,3.67,27.34181818181818,3.86,3.52,-0.3376190476190476,2.1700000000000004,2.56,0.2326611395529527,3.5,2.7
2022-10-01,7.86,1.81,7.97,3.27,6.43,0.23,3.9,30.005714285714287,4.38,3.98,-0.3915,2.28,3.08,0.2866929744580067,3.6,3.4
2022-11-01,4.69,-2.75,1.48,6.31,3.15,0.29,-1.7,23.29909090909091,4.5,3.89,-0.6125,2.18,3.78,0.1334444251562634,3.6,3.4
2022-12-01,-6.38,-0.19,1.34,0.33,4.28,0.33,4.91,21.78428571428572,4.29,3.62,-0.6723809523809524,1.97,4.1,0.018260459895757,3.5,3.4
2023-01-01,6.59,4.39,-3.94,-2.42,-4.43,0.35,-16.1,20.16904761904762,4.21,3.53,-0.6759999999999999,1.97,4.33,0.2877520303862515,3.5,2.8
2023-02-01,-2.57,0.58,-0.8,0.97,-1.51,0.34,0.54,20.1205,4.53,3.75,-0.7868421052631579,1.84,4.57,0.2036903906062814,3.6,2.8
2023-03-01,2.49,-6.89,-9.05,2.28,-2.1,0.36,-2.35,21.64434782608696,4.3,3.66,-0.6395652173913043,2.05,4.65,0.0289012839438578,3.5,2.8
2023-04-01,0.63,-2.57,-0.12,2.42,2.85,0.35,1.76,17.817894736842106,4.02,3.46,-0.5559999999999999,2.0700000000000003,4.83,0.2301680179171126,3.4,2.4
2023-05-01,0.33,-0.43,-7.79,-1.78,-7.08,0.36,-0.88,17.63608695652174,4.13,3.57,-0.5581818181818181,2.2,5.06,0.0789005150067383,3.6,2.4
2023-06-01,6.46,1.28,-0.13,2.32,-1.54,0.4,-2.69,14.003181818181815,4.64,3.75,-0.8914285714285713,2.0,5.08,0.1408072469276029,3.6,2.4
2023-07-01,3.21,2.86,4.06,-0.59,0.66,0.45,-4.06,13.932380952380951,4.83,3.9,-0.929,1.8400000000000003,5.12,0.0925535912497474,3.5,4.4
2023-08-01,-2.36,-3.65,-1.15,3.39,-2.41,0.45,3.78,15.85391304347826,4.9,4.17,-0.7339130434782608,1.85,5.33,0.2608567193513684,3.7,4.4
2023-09-01,-5.23,-1.78,1.49,1.87,-0.77,0.43,0.32,15.173333333333332,5.02,4.38,-0.643,1.7800000000000002,5.33,0.2307082800193808,3.8,4.4
2023-10-01,-3.15,-4.03,0.2,2.43,-0.69,0.47,1.67,18.887727272727272,5.07,4.8,-0.2695238095238095,1.83,5.33,0.047357687179563,3.9,3.2
2023-11-01,8.88,-0.21,1.67,-3.74,-1.08,0.44,2.57,14.01909090909091,4.88,4.5,-0.3795238095238095,1.79,5.33,0.0769461935125847,3.7,3.2
2023-12-01,4.85,7.27,4.89,-2.99,1.29,0.43,-5.54,12.7185,4.46,4.02,-0.437,1.62,5.33,0.1201886851070429,3.8,3.2
2024-01-01,0.73,-5.71,-2.38,0.7,-0.97,0.47,5.41,13.388636363636364,4.32,4.06,-0.2647619047619048,1.62,5.33,0.1789631039987049,3.7,1.6
2024-02-01,5.07,-0.8,-3.43,-1.91,-2.17,0.42,4.9,13.980476190476187,4.54,4.21,-0.3365,1.5599999999999996,5.33,0.2265099665307524,3.9,1.6
2024-03-01,2.84,-1.19,4.16,1.46,1.14,0.43,-0.29,13.7875,4.59,4.21,-0.3795,1.54,5.33,0.199342811762523,3.9,1.6
2024-04-01,-4.65,-2.54,-0.45,1.49,-0.31,0.47,-0.39,16.137727272727275,4.87,4.54,-0.334090909090909,1.46,5.33,0.1588616025331678,3.9,3.0
2024-05-01,4.32,0.6,-1.31,3.19,-2.85,0.44,-0.17,13.058695652173911,4.86,4.48,-0.3740909090909091,1.4699999999999998,5.33,0.0206684808999831,4.0,3.0
2024-06-01,2.8,-4.33,-3.36,0.47,-1.8,0.41,0.86,12.667,4.74,4.31,-0.431578947368421,1.510000000000001,5.33,-0.0016423507513772,4.1,3.0
2024-07-01,1.22,8.34,5.62,0.27,0.28,0.45,-2.35,14.373913043478264,4.5,4.25,-0.2472727272727272,1.59,5.33,0.0724797358738403,4.2,3.1
2024-08-01,1.61,-3.55,-1.1,0.75,0.82,0.48,4.81,19.312272727272727,3.97,3.87,-0.0945454545454545,1.7299999999999995,5.33,0.0982829191244674,4.2,3.1
2024-09-01,1.73,-0.92,-2.77,0.18,-0.29,0.4,-0.62,17.663333333333334,3.62,3.72,0.101,1.6999999999999995,5.13,0.1250202217314725,4.1,3.1
2024-10-01,-1.0,-0.88,0.86,-1.42,0.98,0.39,2.96,19.960869565217397,3.97,4.1,0.1231818181818181,1.5300000000000002,4.83,0.118151125452995,4.1,2.4
2024-11-01,6.49,4.6,0.15,-2.3,-2.05,0.4,1.01,16.015238095238097,4.26,4.36,0.0984210526315789,1.42,4.64,0.1602572808413757,4.2,2.4
2024-12-01,-3.15,-3.83,-3.0,1.9,-1.21,0.37,-0.3,15.866190476190477,4.23,4.39,0.1657142857142857,1.41,4.48,0.1902635042366154,4.1,2.4
2025-01-01,2.8,-1.22,1.63,-2.32,-3.24,0.37,0.96,16.763636363636365,4.27,4.63,0.3571428571428571,1.4500000000000002,4.33,0.2436183318277213,4.0,-0.5
2025-02-01,-2.43,-4.91,4.91,1.1,3.06,0.33,-0.81,16.968,4.21,4.45,0.2410526315789473,1.4699999999999998,4.33,0.1233881416653354,4.1,-0.5
2025-03-01,-6.39,-1.49,2.9,2.11,-0.47,0.34,-2.83,21.841428571428573,3.97,4.28,0.3104761904761904,1.6499999999999997,4.33,-0.0272919169017918,4.2,-0.5
2025-04-01,-0.84,-1.86,-3.4,-2.85,-2.67,0.35,4.97,31.966190476190476,3.78,4.28,0.5014285714285714,1.8999999999999997,4.33,0.1204858686516379,4.2,-0.5
2025-05-01,6.06,-0.72,-2.88,1.27,2.5,0.38,2.22,20.46227272727273,3.92,4.42,0.5038095238095238,1.87,4.33,0.0441034859633598,4.2,-0.5
